year,fao_code,item,category,production_t,prod_loss_pct,prod_loss_t,postharvest_loss_pct,postharvest_loss_t,farmgate_t,farmgate_low,farmgate_high,retail_supply_t,dist_loss_pct,dist_loss_t,retail_loss_pct,retail_loss_t,retail_t,retail_low,retail_high,total_t
2010,116,Potatoes,Vegetables,47627.2,14.2,6763.06,8.7,3555.18,10318.2,7346.3,13184.2,126675.66,2.5,3166.89,5.8,7163.51,10330.4,7269.8,13357.9,20648.6
2010,122,Sweet potatoes,Vegetables,0.0,14.2,0.0,8.7,0.0,0.0,0.0,0.0,6724.71,2.5,168.12,5.8,380.28,548.4,385.9,709.1,548.4
2010,358,Cabbages,Vegetables,5677.0,14.2,806.13,8.7,423.77,1229.9,875.7,1571.5,30155.73,2.5,753.89,5.8,1705.31,2459.2,1730.6,3179.9,3689.1
2010,367,Asparagus,Vegetables,0.0,14.2,0.0,8.7,0.0,0.0,0.0,0.0,3207.85,2.5,80.2,5.8,181.4,261.6,184.1,338.3,261.6
2010,372,Lettuce and chicory,Vegetables,9729.0,14.2,1381.52,8.7,726.23,2107.7,1500.7,2693.2,41830.78,2.5,1045.77,5.8,2365.53,3411.3,2400.6,4411.0,5519.0
2010,373,Spinach,Vegetables,869.0,14.2,123.4,8.7,64.87,188.3,134.0,240.6,3272.84,2.5,81.82,5.8,185.08,266.9,187.8,345.1,455.2
2010,388,Tomatoes,Vegetables,63658.0,14.2,9039.44,8.7,4751.81,13791.3,9819.0,17621.9,117413.86,2.5,2935.35,5.8,6639.75,9575.1,6738.3,12381.3,23366.4
2010,393,Cauliflowers and broccoli,Vegetables,1139.0,14.2,161.74,8.7,85.02,246.8,175.7,315.3,18155.73,2.5,453.89,5.8,1026.71,1480.6,1041.9,1914.5,1727.3
2010,394,"Pumpkins, squash and gourds",Vegetables,13038.0,14.2,1851.4,8.7,973.23,2824.6,2011.1,3609.2,9460.45,2.5,236.51,5.8,534.99,771.5,542.9,997.6,3596.1
2010,397,Cucumbers and gherkins,Greenhouse Veg,23352.3,14.2,3316.03,8.7,1743.16,5059.2,3602.0,6464.4,20564.07,2.5,514.1,5.8,1162.9,1677.0,1180.2,2168.5,6736.2
2010,399,Eggplants (aubergines),Vegetables,0.0,14.2,0.0,8.7,0.0,0.0,0.0,0.0,2295.52,2.5,57.39,5.8,129.81,187.2,131.8,242.1,187.2
2010,401,Chillies and peppers,Vegetables,32075.1,14.2,4554.66,8.7,2394.28,6948.9,4947.5,8879.1,22028.2,2.5,550.71,5.8,1245.69,1796.4,1264.2,2322.9,8745.3
2010,403,Onions,Vegetables,678.0,14.2,96.28,8.7,50.61,146.9,104.6,187.7,36945.43,2.5,923.64,5.8,2089.26,3012.9,2120.3,3895.9,3159.8
2010,406,Green garlic,Vegetables,66.0,14.2,9.37,8.7,4.93,14.3,10.2,18.3,2073.57,2.5,51.84,5.8,117.26,169.1,119.0,218.6,183.4
2010,407,Leeks and other alliaceous vegetables,Other Storable,0.0,14.2,0.0,8.7,0.0,0.0,0.0,0.0,1199.26,2.5,29.98,5.8,67.82,97.8,68.8,126.4,97.8
2010,414,Green beans,Other Perishable,4486.0,14.2,637.01,8.7,334.86,971.9,691.9,1241.8,7650.52,2.5,191.26,5.8,432.64,623.9,439.1,806.8,1595.8
2010,417,"Peas, green",Vegetables,1974.0,14.2,280.31,8.7,147.35,427.7,304.5,546.4,6529.74,2.5,163.24,5.8,369.26,532.5,374.7,688.5,960.1
2010,426,Carrots and turnips,Vegetables,7528.0,14.2,1068.98,8.7,561.93,1630.9,1161.2,2083.9,33215.21,2.5,830.38,5.8,1878.32,2708.7,1906.2,3502.5,4339.6
2010,446,Sweet corn,Other Perishable,5201.0,14.2,738.54,8.7,388.23,1126.8,802.2,1439.7,15158.8,2.5,378.97,5.8,857.23,1236.2,870.0,1598.5,2363.0
2010,449,Mushrooms and truffles,Other Perishable,43081.9,14.2,6117.63,8.7,3215.89,9333.5,6645.2,11926.0,12749.23,2.5,318.73,5.8,720.97,1039.7,731.7,1344.4,10373.2
2010,486,Bananas,Fruits,0.0,14.2,0.0,8.7,0.0,0.0,0.0,0.0,63389.33,2.5,1584.73,5.8,3584.67,5169.4,3637.9,6684.4,5169.4
2010,490,Oranges,Fruits,0.0,14.2,0.0,8.7,0.0,0.0,0.0,0.0,44925.81,2.5,1123.15,5.8,2540.55,3663.7,2578.3,4737.4,3663.7
2010,495,"Tangerines, mandarins, clementines",Fruits,0.0,14.2,0.0,8.7,0.0,0.0,0.0,0.0,15272.84,2.5,381.82,5.8,863.68,1245.5,876.5,1610.6,1245.5
2010,497,Lemons and limes,Fruits,0.0,14.2,0.0,8.7,0.0,0.0,0.0,0.0,8934.4,2.5,223.36,5.8,505.24,728.6,512.7,942.1,728.6
2010,515,Apples,Fruits,0.0,14.2,0.0,8.7,0.0,0.0,0.0,0.0,80154.51,2.5,2003.86,5.8,4532.74,6536.6,4600.0,8452.2,6536.6
2010,521,Pears,Fruits,0.0,14.2,0.0,8.7,0.0,0.0,0.0,0.0,9379.52,2.5,234.49,5.8,530.41,764.9,538.3,989.0,764.9
2010,526,Apricots,Tree Fruit,0.0,14.2,0.0,8.7,0.0,0.0,0.0,0.0,619.25,2.5,15.48,5.8,35.02,50.5,35.5,65.2,50.5
2010,531,Cherries,Fruits,0.0,14.2,0.0,8.7,0.0,0.0,0.0,0.0,344.57,2.5,8.61,5.8,19.49,28.1,19.8,36.3,28.1
2010,534,Peaches and nectarines,Fruits,0.0,14.2,0.0,8.7,0.0,0.0,0.0,0.0,8137.34,2.5,203.43,5.8,460.17,663.6,467.0,858.0,663.6
2010,536,Plums and sloes,Fruits,0.0,14.2,0.0,8.7,0.0,0.0,0.0,0.0,6177.81,2.5,154.45,5.8,349.35,503.8,354.5,651.4,503.8
2010,544,Strawberries,Fruits,0.0,14.2,0.0,8.7,0.0,0.0,0.0,0.0,15858.98,2.5,396.47,5.8,896.83,1293.3,910.2,1672.4,1293.3
2010,547,Raspberries,Fruits,0.0,14.2,0.0,8.7,0.0,0.0,0.0,0.0,2424.28,2.5,60.61,5.8,137.09,197.7,139.2,255.7,197.7
2010,552,Blueberries and cranberries,Fruits,0.0,14.2,0.0,8.7,0.0,0.0,0.0,0.0,0.0,2.5,0.0,5.8,0.0,0.0,0.0,0.0,0.0
2010,560,Grapes,Fruits,0.0,14.2,0.0,8.7,0.0,0.0,0.0,0.0,25727.77,2.5,643.19,5.8,1454.91,2098.1,1476.5,2713.0,2098.1
2010,567,Watermelons,Fruits,0.0,14.2,0.0,8.7,0.0,0.0,0.0,0.0,25580.63,2.5,639.52,5.8,1446.58,2086.1,1468.0,2697.4,2086.1
2010,568,Cantaloupes and other melons,Fruits,0.0,14.2,0.0,8.7,0.0,0.0,0.0,0.0,19881.05,2.5,497.03,5.8,1124.27,1621.3,1141.0,2096.5,1621.3
2010,572,Avocados,Vegetables,0.0,14.2,0.0,8.7,0.0,0.0,0.0,0.0,4478.23,2.5,111.96,5.8,253.24,365.2,257.0,472.2,365.2
2010,574,Pineapples,Fruits,0.0,14.2,0.0,8.7,0.0,0.0,0.0,0.0,17007.97,2.5,425.2,5.8,961.8,1387.0,976.1,1793.4,1387.0
2010,592,Kiwi fruit,Fruits,0.0,14.2,0.0,8.7,0.0,0.0,0.0,0.0,2767.63,2.5,69.19,5.8,156.51,225.7,158.9,291.9,225.7
2010,600,Papayas,Fruits,0.0,14.2,0.0,8.7,0.0,0.0,0.0,0.0,1644.39,2.5,41.11,5.8,92.99,134.1,94.4,173.4,134.1
2011,116,Potatoes,Vegetables,86091.8,14.2,12225.04,8.7,6426.41,18651.4,13279.4,23832.1,331969.34,2.5,8299.23,5.8,18772.87,27072.1,19051.6,35006.0,45723.6
2011,122,Sweet potatoes,Vegetables,0.0,14.2,0.0,8.7,0.0,0.0,0.0,0.0,6833.84,2.5,170.85,5.8,386.45,557.3,392.2,720.7,557.3
2011,358,Cabbages,Vegetables,6640.0,14.2,942.88,8.7,495.65,1438.5,1024.2,1838.1,32413.24,2.5,810.33,5.8,1832.97,2643.3,1860.2,3418.0,4081.8
2011,367,Asparagus,Vegetables,203.0,14.2,28.83,8.7,15.15,44.0,31.3,56.2,3449.42,2.5,86.24,5.8,195.06,281.3,198.0,363.8,325.3
2011,372,Lettuce and chicory,Vegetables,6575.3,14.2,933.69,8.7,490.82,1424.5,1014.2,1820.2,42762.72,2.5,1069.07,5.8,2418.23,3487.3,2454.2,4509.4,4911.9
2011,373,Spinach,Vegetables,655.0,14.2,93.01,8.7,48.89,141.9,101.0,181.3,3302.27,2.5,82.56,5.8,186.74,269.3,189.5,348.2,411.2
2011,388,Tomatoes,Vegetables,66549.7,14.2,9450.06,8.7,4967.67,14417.7,10265.1,18422.4,118936.85,2.5,2973.42,5.8,6725.88,9699.3,6825.7,12541.8,24117.0
2011,393,Cauliflowers and broccoli,Vegetables,2617.0,14.2,371.61,8.7,195.35,567.0,403.7,724.4,17611.28,2.5,440.28,5.8,995.92,1436.2,1010.7,1857.1,2003.2
2011,394,"Pumpkins, squash and gourds",Vegetables,13672.0,14.2,1941.42,8.7,1020.56,2962.0,2108.9,3784.7,10709.99,2.5,267.75,5.8,605.65,873.4,614.6,1129.4,3835.4
2011,397,Cucumbers and gherkins,Greenhouse Veg,19415.6,14.2,2757.02,8.7,1449.3,4206.3,2994.8,5374.7,18561.62,2.5,464.04,5.8,1049.66,1513.7,1065.2,1957.3,5720.0
2011,399,Eggplants (aubergines),Vegetables,0.0,14.2,0.0,8.7,0.0,0.0,0.0,0.0,2152.05,2.5,53.8,5.8,121.7,175.5,123.5,226.9,175.5
2011,401,Chillies and peppers,Vegetables,31964.4,14.2,4538.94,8.7,2386.02,6925.0,4930.4,8848.5,19762.11,2.5,494.05,5.8,1117.55,1611.6,1134.1,2083.9,8536.5
2011,403,Onions,Vegetables,4755.0,14.2,675.21,8.7,354.94,1030.2,733.4,1316.3,43355.0,2.5,1083.88,5.8,2451.72,3535.6,2488.1,4571.7,4565.7
2011,406,Green garlic,Vegetables,276.0,14.2,39.19,8.7,20.6,59.8,42.6,76.4,2534.64,2.5,63.37,5.8,143.33,206.7,145.4,267.2,266.5
2011,407,Leeks and other alliaceous vegetables,Other Storable,371.0,14.2,52.68,8.7,27.69,80.4,57.2,102.7,1281.42,2.5,32.04,5.8,72.46,104.5,73.5,135.1,184.9
2011,414,Green beans,Other Perishable,4258.0,14.2,604.64,8.7,317.84,922.5,656.8,1178.7,7565.91,2.5,189.15,5.8,427.85,617.0,434.2,797.9,1539.5
2011,417,"Peas, green",Vegetables,1159.0,14.2,164.58,8.7,86.51,251.1,178.8,320.8,5473.94,2.5,136.85,5.8,309.55,446.4,314.2,577.3,697.5
2011,426,Carrots and turnips,Vegetables,11161.0,14.2,1584.86,8.7,833.12,2418.0,1721.5,3089.6,35611.28,2.5,890.28,5.8,2013.82,2904.1,2043.7,3755.3,5322.1
2011,446,Sweet corn,Other Perishable,7511.0,14.2,1066.56,8.7,560.67,1627.2,1158.5,2079.2,15870.02,2.5,396.75,5.8,897.45,1294.2,910.8,1673.5,2921.4
2011,449,Mushrooms and truffles,Other Perishable,44691.1,14.2,6346.14,8.7,3336.01,9682.1,6893.4,12371.5,14029.43,2.5,350.74,5.8,793.36,1144.1,805.2,1479.4,10826.3
2011,486,Bananas,Fruits,0.0,14.2,0.0,8.7,0.0,0.0,0.0,0.0,64646.23,2.5,1616.16,5.8,3655.74,5271.9,3710.0,6816.9,5271.9
2011,490,Oranges,Fruits,0.0,14.2,0.0,8.7,0.0,0.0,0.0,0.0,43299.82,2.5,1082.5,5.8,2448.6,3531.1,2485.0,4566.0,3531.1
2011,495,"Tangerines, mandarins, clementines",Fruits,0.0,14.2,0.0,8.7,0.0,0.0,0.0,0.0,18253.83,2.5,456.35,5.8,1032.25,1488.6,1047.6,1924.9,1488.6
2011,497,Lemons and limes,Fruits,0.0,14.2,0.0,8.7,0.0,0.0,0.0,0.0,11277.74,2.5,281.94,5.8,637.76,919.7,647.2,1189.2,919.7
2011,515,Apples,Fruits,100107.0,14.2,14215.19,8.7,7472.59,21687.8,15441.2,27711.8,81267.93,2.5,2031.7,5.8,4595.7,6627.4,4664.0,8569.7,28315.2
2011,521,Pears,Fruits,5838.0,14.2,829.0,8.7,435.78,1264.8,900.5,1616.1,9478.85,2.5,236.97,5.8,536.03,773.0,544.0,999.6,2037.8
2011,526,Apricots,Tree Fruit,402.0,14.2,57.08,8.7,30.01,87.1,62.0,111.3,575.11,2.5,14.38,5.8,32.52,46.9,33.0,60.6,134.0
2011,531,Cherries,Fruits,10428.0,14.2,1480.78,8.7,778.41,2259.2,1608.5,2886.7,4452.48,2.5,111.31,5.8,251.79,363.1,255.5,469.5,2622.3
2011,534,Peaches and nectarines,Fruits,5148.0,14.2,731.02,8.7,384.28,1115.3,794.1,1425.1,9824.65,2.5,245.62,5.8,555.58,801.2,563.8,1036.0,1916.5
2011,536,Plums and sloes,Fruits,1447.0,14.2,205.47,8.7,108.01,313.5,223.2,400.6,6486.82,2.5,162.17,5.8,366.83,529.0,372.3,684.0,842.5
2011,544,Strawberries,Fruits,2103.0,14.2,298.63,8.7,156.98,455.6,324.4,582.2,17824.65,2.5,445.62,5.8,1007.98,1453.6,1023.0,1879.6,1909.2
2011,547,Raspberries,Fruits,11170.0,14.2,1586.14,8.7,833.8,2419.9,1722.9,3092.1,5963.21,2.5,149.08,5.8,337.22,486.3,342.2,628.9,2906.3
2011,552,Blueberries and cranberries,Fruits,73034.0,14.2,10370.83,8.7,5451.7,15822.5,11265.2,20217.4,14588.6,2.5,364.72,5.8,824.99,1189.7,837.2,1538.3,17012.2
2011,560,Grapes,Fruits,20975.0,14.2,2978.45,8.7,1565.7,4544.1,3235.3,5806.3,24508.89,2.5,612.72,5.8,1385.98,1998.7,1406.6,2584.5,6542.9
2011,567,Watermelons,Fruits,293.0,14.2,41.61,8.7,21.87,63.5,45.2,81.1,27123.24,2.5,678.08,5.8,1533.82,2211.9,1556.6,2860.1,2275.4
2011,568,Cantaloupes and other melons,Fruits,484.0,14.2,68.73,8.7,36.13,104.9,74.7,134.0,20387.49,2.5,509.69,5.8,1152.91,1662.6,1170.0,2149.9,1767.5
2011,572,Avocados,Vegetables,0.0,14.2,0.0,8.7,0.0,0.0,0.0,0.0,4517.47,2.5,112.94,5.8,255.46,368.4,259.3,476.4,368.4
2011,574,Pineapples,Fruits,0.0,14.2,0.0,8.7,0.0,0.0,0.0,0.0,17679.95,2.5,442.0,5.8,999.8,1441.8,1014.7,1864.4,1441.8
2011,592,Kiwi fruit,Fruits,0.0,14.2,0.0,8.7,0.0,0.0,0.0,0.0,2529.74,2.5,63.24,5.8,143.06,206.3,145.2,266.8,206.3
2011,600,Papayas,Fruits,0.0,14.2,0.0,8.7,0.0,0.0,0.0,0.0,1774.37,2.5,44.36,5.8,100.34,144.7,101.8,187.1,144.7
2012,116,Potatoes,Vegetables,87316.5,14.2,12398.94,8.7,6517.83,18916.8,13468.3,24171.1,296527.28,2.5,7413.18,5.8,16768.62,24181.8,17017.5,31268.6,43098.5
2012,122,Sweet potatoes,Vegetables,0.0,14.2,0.0,8.7,0.0,0.0,0.0,0.0,5898.22,2.5,147.46,5.8,333.54,481.0,338.5,621.9,481.0
2012,358,Cabbages,Vegetables,6602.0,14.2,937.48,8.7,492.81,1430.3,1018.3,1827.6,33720.42,2.5,843.01,5.8,1906.89,2749.9,1935.2,3555.8,4180.2
2012,367,Asparagus,Vegetables,168.0,14.2,23.86,8.7,12.54,36.4,25.9,46.5,3381.97,2.5,84.55,5.8,191.25,275.8,194.1,356.6,312.2
2012,372,Lettuce and chicory,Vegetables,5208.0,14.2,739.54,8.7,388.76,1128.3,803.3,1441.7,43283.87,2.5,1082.1,5.8,2447.7,3529.8,2484.0,4564.2,4658.0
2012,373,Spinach,Vegetables,801.0,14.2,113.74,8.7,59.79,173.5,123.6,221.7,3648.07,2.5,91.2,5.8,206.3,297.5,209.4,384.7,471.1
2012,388,Tomatoes,Vegetables,61979.5,14.2,8801.09,8.7,4626.52,13427.6,9560.1,17157.3,127498.47,2.5,3187.46,5.8,7210.04,10397.5,7317.1,13444.7,23825.1
2012,393,Cauliflowers and broccoli,Vegetables,2900.0,14.2,411.8,8.7,216.47,628.3,447.3,802.8,18309.01,2.5,457.73,5.8,1035.37,1493.1,1050.8,1930.7,2121.4
2012,394,"Pumpkins, squash and gourds",Vegetables,17159.0,14.2,2436.58,8.7,1280.85,3717.4,2646.7,4750.0,17393.01,2.5,434.83,5.8,983.57,1418.4,998.2,1834.1,5135.9
2012,397,Cucumbers and gherkins,Greenhouse Veg,22691.9,14.2,3222.25,8.7,1693.86,4916.1,3500.1,6281.6,19898.22,2.5,497.46,5.8,1125.24,1622.7,1142.0,2098.3,6538.8
2012,399,Eggplants (aubergines),Vegetables,0.0,14.2,0.0,8.7,0.0,0.0,0.0,0.0,2565.3,2.5,64.13,5.8,145.07,209.2,147.2,270.5,209.2
2012,401,Chillies and peppers,Vegetables,36092.3,14.2,5125.11,8.7,2694.15,7819.2,5567.1,9991.1,22690.37,2.5,567.26,5.8,1283.14,1850.4,1302.2,2392.7,9669.7
2012,403,Onions,Vegetables,5224.0,14.2,741.81,8.7,389.95,1131.8,805.8,1446.1,42350.71,2.5,1058.77,5.8,2394.93,3453.7,2430.5,4465.8,4585.4
2012,406,Green garlic,Vegetables,273.0,14.2,38.77,8.7,20.38,59.1,42.1,75.6,2566.52,2.5,64.16,5.8,145.14,209.3,147.3,270.6,268.4
2012,407,Leeks and other alliaceous vegetables,Other Storable,218.0,14.2,30.96,8.7,16.27,47.2,33.6,60.3,1183.32,2.5,29.58,5.8,66.92,96.5,67.9,124.7,143.7
2012,414,Green beans,Other Perishable,3959.0,14.2,562.18,8.7,295.52,857.7,610.7,1095.9,7641.94,2.5,191.05,5.8,432.15,623.2,438.6,805.8,1480.9
2012,417,"Peas, green",Vegetables,2061.0,14.2,292.66,8.7,153.85,446.5,317.9,570.5,7054.57,2.5,176.36,5.8,398.94,575.3,404.9,743.9,1021.8
2012,426,Carrots and turnips,Vegetables,8873.0,14.2,1259.97,8.7,662.33,1922.3,1368.6,2456.2,35194.36,2.5,879.86,5.8,1990.24,2870.1,2019.8,3711.2,4792.4
2012,446,Sweet corn,Other Perishable,7966.0,14.2,1131.17,8.7,594.63,1725.8,1228.7,2205.2,9796.44,2.5,244.91,5.8,553.99,798.9,562.2,1033.0,2524.7
2012,449,Mushrooms and truffles,Other Perishable,46300.2,14.2,6574.63,8.7,3456.12,10030.8,7141.7,12816.9,13711.83,2.5,342.8,5.8,775.4,1118.2,786.9,1445.9,11148.9
2012,486,Bananas,Fruits,0.0,14.2,0.0,8.7,0.0,0.0,0.0,0.0,65675.05,2.5,1641.88,5.8,3713.92,5355.8,3769.0,6925.4,5355.8
2012,490,Oranges,Fruits,0.0,14.2,0.0,8.7,0.0,0.0,0.0,0.0,37369.71,2.5,934.24,5.8,2113.26,3047.5,2144.6,3940.7,3047.5
2012,495,"Tangerines, mandarins, clementines",Fruits,0.0,14.2,0.0,8.7,0.0,0.0,0.0,0.0,17133.05,2.5,428.33,5.8,968.87,1397.2,983.2,1806.6,1397.2
2012,497,Lemons and limes,Fruits,0.0,14.2,0.0,8.7,0.0,0.0,0.0,0.0,12683.02,2.5,317.08,5.8,717.22,1034.3,727.9,1337.5,1034.3
2012,515,Apples,Fruits,101821.0,14.2,14458.58,8.7,7600.53,22059.1,15705.5,28186.3,82221.95,2.5,2055.55,5.8,4649.65,6705.2,4718.7,8670.3,28764.3
2012,521,Pears,Fruits,6020.0,14.2,854.84,8.7,449.37,1304.2,928.6,1666.5,10129.98,2.5,253.25,5.8,572.85,826.1,581.3,1068.1,2130.3
2012,526,Apricots,Tree Fruit,647.0,14.2,91.87,8.7,48.3,140.2,99.8,179.1,583.69,2.5,14.59,5.8,33.01,47.6,33.5,61.5,187.7
2012,531,Cherries,Fruits,16179.0,14.2,2297.42,8.7,1207.7,3505.1,2495.6,4478.7,5597.79,2.5,139.94,5.8,316.56,456.5,321.3,590.3,3961.6
2012,534,Peaches and nectarines,Fruits,6382.0,14.2,906.24,8.7,476.39,1382.6,984.4,1766.7,8896.38,2.5,222.41,5.8,503.09,725.5,510.6,938.1,2108.2
2012,536,Plums and sloes,Fruits,1389.0,14.2,197.24,8.7,103.68,300.9,214.2,384.5,6351.93,2.5,158.8,5.8,359.2,518.0,364.5,669.8,818.9
2012,544,Strawberries,Fruits,1609.0,14.2,228.48,8.7,120.11,348.6,248.2,445.4,18126.3,2.5,453.16,5.8,1025.04,1478.2,1040.3,1911.4,1826.8
2012,547,Raspberries,Fruits,10353.0,14.2,1470.13,8.7,772.81,2242.9,1596.9,2865.9,6280.81,2.5,157.02,5.8,355.18,512.2,360.5,662.3,2755.1
2012,552,Blueberries and cranberries,Fruits,90508.0,14.2,12852.14,8.7,6756.06,19608.2,13960.5,25054.6,14394.85,2.5,359.87,5.8,814.03,1173.9,826.1,1517.9,20782.1
2012,560,Grapes,Fruits,26624.0,14.2,3780.61,8.7,1987.37,5768.0,4106.7,7370.1,24857.14,2.5,621.43,5.8,1405.67,2027.1,1426.5,2621.2,7795.1
2012,567,Watermelons,Fruits,130.0,14.2,18.46,8.7,9.7,28.2,20.1,36.0,28056.41,2.5,701.41,5.8,1586.59,2288.0,1610.1,2958.5,2316.1
2012,568,Cantaloupes and other melons,Fruits,953.0,14.2,135.33,8.7,71.14,206.5,147.0,263.8,19092.58,2.5,477.31,5.8,1079.69,1557.0,1095.7,2013.3,1763.5
2012,572,Avocados,Vegetables,0.0,14.2,0.0,8.7,0.0,0.0,0.0,0.0,6164.32,2.5,154.11,5.8,348.59,502.7,353.8,650.0,502.7
2012,574,Pineapples,Fruits,0.0,14.2,0.0,8.7,0.0,0.0,0.0,0.0,19362.35,2.5,484.06,5.8,1094.94,1579.0,1111.2,2041.8,1579.0
2012,592,Kiwi fruit,Fruits,0.0,14.2,0.0,8.7,0.0,0.0,0.0,0.0,2865.73,2.5,71.64,5.8,162.06,233.7,164.5,302.2,233.7
2012,600,Papayas,Fruits,0.0,14.2,0.0,8.7,0.0,0.0,0.0,0.0,1849.17,2.5,46.23,5.8,104.57,150.8,106.1,195.0,150.8
2013,116,Potatoes,Vegetables,77473.5,14.2,11001.24,8.7,5783.09,16784.3,11950.0,21446.4,299032.5,2.5,7475.81,5.8,16910.29,24386.1,17161.3,31532.9,41170.4
2013,122,Sweet potatoes,Vegetables,0.0,14.2,0.0,8.7,0.0,0.0,0.0,0.0,5812.39,2.5,145.31,5.8,328.69,474.0,333.6,613.0,474.0
2013,358,Cabbages,Vegetables,8767.0,14.2,1244.91,8.7,654.42,1899.3,1352.3,2426.9,35063.15,2.5,876.58,5.8,1982.82,2859.4,2012.2,3697.3,4758.7
2013,367,Asparagus,Vegetables,153.0,14.2,21.73,8.7,11.42,33.1,23.6,42.4,3227.47,2.5,80.69,5.8,182.51,263.2,185.2,340.3,296.3
2013,372,Lettuce and chicory,Vegetables,5933.0,14.2,842.49,8.7,442.87,1285.4,915.1,1642.4,42074.8,2.5,1051.87,5.8,2379.33,3431.2,2414.7,4436.8,4716.6
2013,373,Spinach,Vegetables,696.0,14.2,98.83,8.7,51.95,150.8,107.4,192.7,4089.52,2.5,102.24,5.8,231.26,333.5,234.7,431.2,484.3
2013,388,Tomatoes,Vegetables,64845.5,14.2,9208.06,8.7,4840.46,14048.5,10002.2,17950.6,122478.23,2.5,3061.96,5.8,6926.14,9988.1,7029.0,12915.3,24036.6
2013,393,Cauliflowers and broccoli,Vegetables,2317.0,14.2,329.01,8.7,172.96,502.0,357.4,641.4,18080.93,2.5,452.02,5.8,1022.48,1474.5,1037.6,1906.6,1976.4
2013,394,"Pumpkins, squash and gourds",Vegetables,16110.0,14.2,2287.62,8.7,1202.55,3490.2,2484.9,4459.6,16391.17,2.5,409.78,5.8,926.92,1336.7,940.7,1728.4,4826.8
2013,397,Cucumbers and gherkins,Greenhouse Veg,26433.1,14.2,3753.5,8.7,1973.13,5726.6,4077.2,7317.3,22636.42,2.5,565.91,5.8,1280.09,1846.0,1299.1,2387.0,7572.6
2013,399,Eggplants (aubergines),Vegetables,0.0,14.2,0.0,8.7,0.0,0.0,0.0,0.0,2838.75,2.5,70.97,5.8,160.53,231.5,162.9,299.4,231.5
2013,401,Chillies and peppers,Vegetables,44194.3,14.2,6275.59,8.7,3298.93,9574.5,6816.8,12233.9,28889.03,2.5,722.23,5.8,1633.67,2355.9,1657.9,3046.4,11930.4
2013,403,Onions,Vegetables,3509.0,14.2,498.28,8.7,261.93,760.2,541.3,971.4,41500.92,2.5,1037.52,5.8,2346.88,3384.4,2381.7,4376.2,4144.6
2013,406,Green garlic,Vegetables,263.0,14.2,37.35,8.7,19.63,57.0,40.6,72.8,2247.7,2.5,56.19,5.8,127.11,183.3,129.0,237.0,240.3
2013,407,Leeks and other alliaceous vegetables,Other Storable,251.0,14.2,35.64,8.7,18.74,54.4,38.7,69.5,1131.82,2.5,28.3,5.8,64.0,92.3,65.0,119.4,146.7
2013,414,Green beans,Other Perishable,4500.0,14.2,639.0,8.7,335.91,974.9,694.1,1245.7,7573.27,2.5,189.33,5.8,428.27,617.6,434.6,798.6,1592.5
2013,417,"Peas, green",Vegetables,2333.0,14.2,331.29,8.7,174.15,505.4,359.9,645.8,0.0,2.5,0.0,5.8,0.0,0.0,0.0,0.0,505.4
2013,426,Carrots and turnips,Vegetables,11377.0,14.2,1615.53,8.7,849.25,2464.8,1754.9,3149.4,35639.48,2.5,890.99,5.8,2015.41,2906.4,2045.3,3758.2,5371.2
2013,446,Sweet corn,Other Perishable,8699.0,14.2,1235.26,8.7,649.35,1884.6,1341.8,2408.1,9800.12,2.5,245.0,5.8,554.2,799.2,562.5,1033.5,2683.8
2013,449,Mushrooms and truffles,Other Perishable,47909.4,14.2,6803.13,8.7,3576.25,10379.4,7389.9,13262.4,13213.98,2.5,330.35,5.8,747.25,1077.6,758.3,1393.4,11457.0
2013,486,Bananas,Fruits,0.0,14.2,0.0,8.7,0.0,0.0,0.0,0.0,69736.36,2.5,1743.41,5.8,3943.59,5687.0,4002.1,7353.7,5687.0
2013,490,Oranges,Fruits,0.0,14.2,0.0,8.7,0.0,0.0,0.0,0.0,38183.94,2.5,954.6,5.8,2159.3,3113.9,2191.4,4026.5,3113.9
2013,495,"Tangerines, mandarins, clementines",Fruits,0.0,14.2,0.0,8.7,0.0,0.0,0.0,0.0,21573.27,2.5,539.33,5.8,1219.97,1759.3,1238.1,2274.9,1759.3
2013,497,Lemons and limes,Fruits,0.0,14.2,0.0,8.7,0.0,0.0,0.0,0.0,14385.04,2.5,359.63,5.8,813.47,1173.1,825.6,1516.9,1173.1
2013,515,Apples,Fruits,86379.0,14.2,12265.82,8.7,6447.85,18713.7,13323.7,23911.6,93422.44,2.5,2335.56,5.8,5283.04,7618.6,5361.5,9851.4,26332.3
2013,521,Pears,Fruits,6370.0,14.2,904.54,8.7,475.5,1380.0,982.6,1763.4,9986.51,2.5,249.66,5.8,564.74,814.4,573.1,1053.1,2194.4
2013,526,Apricots,Tree Fruit,431.0,14.2,61.2,8.7,32.17,93.4,66.5,119.3,642.55,2.5,16.06,5.8,36.34,52.4,36.9,67.7,145.7
2013,531,Cherries,Fruits,11652.0,14.2,1654.58,8.7,869.78,2524.4,1797.3,3225.5,3751.07,2.5,93.78,5.8,212.12,305.9,215.3,395.6,2830.3
2013,534,Peaches and nectarines,Fruits,4906.0,14.2,696.65,8.7,366.21,1062.9,756.7,1358.1,9597.79,2.5,239.94,5.8,542.76,782.7,550.8,1012.1,1845.6
2013,536,Plums and sloes,Fruits,1526.0,14.2,216.69,8.7,113.91,330.6,235.4,422.4,6485.59,2.5,162.14,5.8,366.76,528.9,372.2,683.9,859.5
2013,544,Strawberries,Fruits,1338.0,14.2,190.0,8.7,99.88,289.9,206.4,370.4,18012.26,2.5,450.31,5.8,1018.59,1468.9,1033.7,1899.4,1758.8
2013,547,Raspberries,Fruits,8998.0,14.2,1277.72,8.7,671.66,1949.4,1387.9,2490.8,6150.83,2.5,153.77,5.8,347.83,501.6,353.0,648.6,2451.0
2013,552,Blueberries and cranberries,Fruits,92402.0,14.2,13121.08,8.7,6897.44,20018.5,14252.7,25578.9,12977.31,2.5,324.43,5.8,733.87,1058.3,744.8,1368.5,21076.8
2013,560,Grapes,Fruits,24304.0,14.2,3451.17,8.7,1814.2,5265.4,3748.8,6727.9,25970.57,2.5,649.26,5.8,1468.64,2117.9,1490.5,2738.6,7383.3
2013,567,Watermelons,Fruits,258.0,14.2,36.64,8.7,19.26,55.9,39.8,71.4,28743.1,2.5,718.58,5.8,1625.42,2344.0,1649.5,3030.9,2399.9
2013,568,Cantaloupes and other melons,Fruits,1002.0,14.2,142.28,8.7,74.8,217.1,154.6,277.4,20142.24,2.5,503.56,5.8,1139.04,1642.6,1155.9,2124.0,1859.7
2013,572,Avocados,Vegetables,0.0,14.2,0.0,8.7,0.0,0.0,0.0,0.0,7249.54,2.5,181.24,5.8,409.96,591.2,416.0,764.4,591.2
2013,574,Pineapples,Fruits,0.0,14.2,0.0,8.7,0.0,0.0,0.0,0.0,19638.26,2.5,490.96,5.8,1110.54,1601.5,1127.0,2070.9,1601.5
2013,592,Kiwi fruit,Fruits,0.0,14.2,0.0,8.7,0.0,0.0,0.0,0.0,2517.47,2.5,62.94,5.8,142.36,205.3,144.5,265.5,205.3
2013,600,Papayas,Fruits,0.0,14.2,0.0,8.7,0.0,0.0,0.0,0.0,2163.09,2.5,54.08,5.8,122.32,176.4,124.1,228.1,176.4
2014,116,Potatoes,Vegetables,70896.4,14.2,10067.29,8.7,5292.13,15359.4,10935.5,19625.7,238717.35,2.5,5967.93,5.8,13499.47,19467.4,13699.9,25172.6,34826.8
2014,122,Sweet potatoes,Vegetables,0.0,14.2,0.0,8.7,0.0,0.0,0.0,0.0,4606.99,2.5,115.17,5.8,260.53,375.7,264.4,485.8,375.7
2014,358,Cabbages,Vegetables,7529.0,14.2,1069.12,8.7,562.01,1631.1,1161.3,2084.2,37708.15,2.5,942.7,5.8,2132.4,3075.1,2164.1,3976.4,4706.3
2014,367,Asparagus,Vegetables,156.0,14.2,22.15,8.7,11.64,33.8,24.1,43.2,3451.87,2.5,86.3,5.8,195.2,281.5,198.1,364.0,315.3
2014,372,Lettuce and chicory,Vegetables,6384.1,14.2,906.54,8.7,476.55,1383.1,984.7,1767.3,40765.17,2.5,1019.13,5.8,2305.27,3324.4,2339.5,4298.7,4707.5
2014,373,Spinach,Vegetables,832.0,14.2,118.14,8.7,62.11,180.2,128.3,230.3,4516.25,2.5,112.91,5.8,255.39,368.3,259.2,476.2,548.5
2014,388,Tomatoes,Vegetables,63435.1,14.2,9007.78,8.7,4735.18,13743.0,9784.6,17560.2,111795.22,2.5,2794.88,5.8,6322.02,9116.9,6415.9,11788.8,22859.9
2014,393,Cauliflowers and broccoli,Vegetables,2239.0,14.2,317.94,8.7,167.13,485.1,345.4,619.8,17050.89,2.5,426.27,5.8,964.23,1390.5,978.6,1798.1,1875.6
2014,394,"Pumpkins, squash and gourds",Vegetables,18634.0,14.2,2646.03,8.7,1390.95,4037.0,2874.2,5158.3,21103.62,2.5,527.59,5.8,1193.41,1721.0,1211.1,2225.4,5758.0
2014,397,Cucumbers and gherkins,Greenhouse Veg,26278.6,14.2,3731.56,8.7,1961.59,5693.2,4053.4,7274.5,26196.2,2.5,654.91,5.8,1481.39,2136.3,1503.4,2762.4,7829.5
2014,399,Eggplants (aubergines),Vegetables,0.0,14.2,0.0,8.7,0.0,0.0,0.0,0.0,2885.35,2.5,72.13,5.8,163.17,235.3,165.6,304.2,235.3
2014,401,Chillies and peppers,Vegetables,41705.0,14.2,5922.11,8.7,3113.11,9035.2,6432.8,11544.8,25458.0,2.5,636.45,5.8,1439.65,2076.1,1461.0,2684.5,11111.3
2014,403,Onions,Vegetables,3932.0,14.2,558.34,8.7,293.51,851.9,606.5,1088.5,47684.86,2.5,1192.12,5.8,2696.58,3888.7,2736.6,5028.4,4740.6
2014,406,Green garlic,Vegetables,374.0,14.2,53.11,8.7,27.92,81.0,57.7,103.5,2489.27,2.5,62.23,5.8,140.77,203.0,142.8,262.5,284.0
2014,407,Leeks and other alliaceous vegetables,Other Storable,176.0,14.2,24.99,8.7,13.14,38.1,27.1,48.7,1133.05,2.5,28.33,5.8,64.07,92.4,65.0,119.5,130.6
2014,414,Green beans,Other Perishable,4100.0,14.2,582.2,8.7,306.05,888.2,632.4,1135.0,7394.24,2.5,184.86,5.8,418.14,603.0,424.3,779.7,1491.2
2014,417,"Peas, green",Vegetables,2375.0,14.2,337.25,8.7,177.28,514.5,366.3,657.5,3789.09,2.5,94.73,5.8,214.27,309.0,217.5,399.6,823.5
2014,426,Carrots and turnips,Vegetables,9371.0,14.2,1330.68,8.7,699.51,2030.2,1445.4,2594.1,41505.82,2.5,1037.65,5.8,2347.15,3384.8,2382.0,4376.7,5415.0
2014,446,Sweet corn,Other Perishable,8953.0,14.2,1271.33,8.7,668.31,1939.6,1381.0,2478.4,10955.24,2.5,273.88,5.8,619.52,893.4,628.7,1155.2,2833.0
2014,449,Mushrooms and truffles,Other Perishable,51371.0,14.2,7294.68,8.7,3834.64,11129.3,7923.8,14220.6,13565.91,2.5,339.15,5.8,767.15,1106.3,778.5,1430.5,12235.6
2014,486,Bananas,Fruits,0.0,14.2,0.0,8.7,0.0,0.0,0.0,0.0,71828.33,2.5,1795.71,5.8,4061.89,5857.6,4122.2,7574.3,5857.6
2014,490,Oranges,Fruits,0.0,14.2,0.0,8.7,0.0,0.0,0.0,0.0,35402.82,2.5,885.07,5.8,2002.03,2887.1,2031.7,3733.2,2887.1
2014,495,"Tangerines, mandarins, clementines",Fruits,0.0,14.2,0.0,8.7,0.0,0.0,0.0,0.0,17274.06,2.5,431.85,5.8,976.85,1408.7,991.3,1821.5,1408.7
2014,497,Lemons and limes,Fruits,0.0,14.2,0.0,8.7,0.0,0.0,0.0,0.0,13665.24,2.5,341.63,5.8,772.77,1114.4,784.2,1441.0,1114.4
2014,515,Apples,Fruits,102871.0,14.2,14607.68,8.7,7678.91,22286.6,15867.5,28476.9,87655.43,2.5,2191.39,5.8,4956.91,7148.3,5030.5,9243.3,29434.9
2014,521,Pears,Fruits,6262.0,14.2,889.2,8.7,467.43,1356.6,965.9,1733.5,10268.55,2.5,256.71,5.8,580.69,837.4,589.3,1082.8,2194.0
2014,526,Apricots,Tree Fruit,819.0,14.2,116.3,8.7,61.13,177.4,126.3,226.7,600.86,2.5,15.02,5.8,33.98,49.0,34.5,63.4,226.4
2014,531,Cherries,Fruits,15492.0,14.2,2199.86,8.7,1156.42,3356.3,2389.6,4288.5,4584.92,2.5,114.62,5.8,259.28,373.9,263.1,483.5,3730.2
2014,534,Peaches and nectarines,Fruits,6472.0,14.2,919.02,8.7,483.11,1402.1,998.3,1791.6,8637.65,2.5,215.94,5.8,488.46,704.4,495.7,910.8,2106.5
2014,536,Plums and sloes,Fruits,2194.0,14.2,311.55,8.7,163.77,475.3,338.4,607.3,6055.18,2.5,151.38,5.8,342.42,493.8,347.5,638.5,969.1
2014,544,Strawberries,Fruits,1442.0,14.2,204.76,8.7,107.64,312.4,222.4,399.2,15488.66,2.5,387.22,5.8,875.88,1263.1,888.9,1633.3,1575.5
2014,547,Raspberries,Fruits,10502.0,14.2,1491.28,8.7,783.93,2275.2,1619.9,2907.2,6885.35,2.5,172.13,5.8,389.37,561.5,395.2,726.1,2836.8
2014,552,Blueberries and cranberries,Fruits,108728.0,14.2,15439.38,8.7,8116.11,23555.5,16770.9,30098.3,23113.43,2.5,577.84,5.8,1307.06,1884.9,1326.4,2437.2,25440.3
2014,560,Grapes,Fruits,26130.0,14.2,3710.46,8.7,1950.5,5661.0,4030.5,7233.4,23925.2,2.5,598.13,5.8,1352.97,1951.1,1373.1,2522.9,7612.1
2014,567,Watermelons,Fruits,240.0,14.2,34.08,8.7,17.92,52.0,37.0,66.4,29209.07,2.5,730.23,5.8,1651.77,2382.0,1676.3,3080.1,2434.0
2014,568,Cantaloupes and other melons,Fruits,739.0,14.2,104.94,8.7,55.16,160.1,114.0,204.6,19301.04,2.5,482.53,5.8,1091.47,1574.0,1107.7,2035.3,1734.1
2014,572,Avocados,Vegetables,0.0,14.2,0.0,8.7,0.0,0.0,0.0,0.0,7762.11,2.5,194.05,5.8,438.95,633.0,445.4,818.4,633.0
2014,574,Pineapples,Fruits,0.0,14.2,0.0,8.7,0.0,0.0,0.0,0.0,20259.96,2.5,506.5,5.8,1145.7,1652.2,1162.7,2136.4,1652.2
2014,592,Kiwi fruit,Fruits,0.0,14.2,0.0,8.7,0.0,0.0,0.0,0.0,2351.93,2.5,58.8,5.8,133.0,191.8,135.0,248.1,191.8
2014,600,Papayas,Fruits,0.0,14.2,0.0,8.7,0.0,0.0,0.0,0.0,1974.25,2.5,49.36,5.8,111.64,161.0,113.3,208.2,161.0
2015,116,Potatoes,Vegetables,75432.3,14.2,10711.39,8.7,5630.72,16342.1,11635.2,20881.3,270767.63,2.5,6769.19,5.8,15311.91,22081.1,15539.2,28552.4,38423.2
2015,122,Sweet potatoes,Vegetables,0.0,14.2,0.0,8.7,0.0,0.0,0.0,0.0,5304.72,2.5,132.62,5.8,299.98,432.6,304.4,559.4,432.6
2015,358,Cabbages,Vegetables,7234.0,14.2,1027.23,8.7,539.99,1567.2,1115.8,2002.5,36277.13,2.5,906.93,5.8,2051.47,2958.4,2081.9,3825.3,4525.6
2015,367,Asparagus,Vegetables,170.0,14.2,24.14,8.7,12.69,36.8,26.2,47.1,3133.05,2.5,78.33,5.8,177.17,255.5,179.8,330.4,292.3
2015,372,Lettuce and chicory,Vegetables,5471.0,14.2,776.88,8.7,408.39,1185.3,843.9,1514.5,40576.33,2.5,1014.41,5.8,2294.59,3309.0,2328.6,4278.7,4494.3
2015,373,Spinach,Vegetables,637.0,14.2,90.45,8.7,47.55,138.0,98.3,176.3,4473.33,2.5,111.83,5.8,252.97,364.8,256.7,471.7,502.8
2015,388,Tomatoes,Vegetables,53128.0,14.2,7544.18,8.7,3965.79,11510.0,8194.8,14707.0,115822.19,2.5,2895.55,5.8,6549.75,9445.3,6646.9,12213.3,20955.2
2015,393,Cauliflowers and broccoli,Vegetables,2918.0,14.2,414.36,8.7,217.82,632.2,450.1,807.8,16849.79,2.5,421.24,5.8,952.86,1374.1,967.0,1776.8,2006.3
2015,394,"Pumpkins, squash and gourds",Vegetables,16247.0,14.2,2307.07,8.7,1212.77,3519.8,2506.0,4497.5,19339.06,2.5,483.48,5.8,1093.62,1577.1,1109.9,2039.3,5097.0
2015,397,Cucumbers and gherkins,Greenhouse Veg,25755.1,14.2,3657.22,8.7,1922.52,5579.7,3972.6,7129.6,26611.89,2.5,665.3,5.8,1504.9,2170.2,1527.2,2806.2,7749.9
2015,399,Eggplants (aubergines),Vegetables,0.0,14.2,0.0,8.7,0.0,0.0,0.0,0.0,2801.96,2.5,70.05,5.8,158.45,228.5,160.8,295.5,228.5
2015,401,Chillies and peppers,Vegetables,43094.6,14.2,6119.43,8.7,3216.84,9336.3,6647.2,11929.5,25666.46,2.5,641.66,5.8,1451.44,2093.1,1473.0,2706.5,11429.4
2015,403,Onions,Vegetables,2976.0,14.2,422.59,8.7,222.15,644.7,459.0,823.8,40036.79,2.5,1000.92,5.8,2264.08,3265.0,2297.7,4221.8,3909.7
2015,406,Green garlic,Vegetables,383.0,14.2,54.39,8.7,28.59,83.0,59.1,106.0,3280.2,2.5,82.0,5.8,185.5,267.5,188.2,345.9,350.4
2015,407,Leeks and other alliaceous vegetables,Other Storable,101.0,14.2,14.34,8.7,7.54,21.9,15.6,28.0,1168.61,2.5,29.22,5.8,66.08,95.3,67.1,123.3,117.2
2015,414,Green beans,Other Perishable,4110.0,14.2,583.62,8.7,306.8,890.4,634.0,1137.7,7941.14,2.5,198.53,5.8,449.07,647.6,455.7,837.3,1538.0
2015,417,"Peas, green",Vegetables,2576.0,14.2,365.79,8.7,192.29,558.1,397.3,713.1,3477.62,2.5,86.94,5.8,196.66,283.6,199.6,366.7,841.6
2015,426,Carrots and turnips,Vegetables,9949.0,14.2,1412.76,8.7,742.65,2155.4,1534.6,2754.1,36372.78,2.5,909.32,5.8,2056.88,2966.2,2087.4,3835.5,5121.6
2015,446,Sweet corn,Other Perishable,7433.0,14.2,1055.49,8.7,554.84,1610.3,1146.5,2057.6,9574.49,2.5,239.36,5.8,541.44,780.8,549.4,1009.6,2391.1
2015,449,Mushrooms and truffles,Other Perishable,51625.0,14.2,7330.75,8.7,3853.6,11184.3,7963.0,14290.9,12359.29,2.5,308.98,5.8,698.92,1007.9,709.3,1303.3,12192.2
2015,486,Bananas,Fruits,0.0,14.2,0.0,8.7,0.0,0.0,0.0,0.0,73058.25,2.5,1826.46,5.8,4131.44,5957.9,4192.8,7703.9,5957.9
2015,490,Oranges,Fruits,0.0,14.2,0.0,8.7,0.0,0.0,0.0,0.0,37144.08,2.5,928.6,5.8,2100.5,3029.1,2131.7,3916.8,3029.1
2015,495,"Tangerines, mandarins, clementines",Fruits,0.0,14.2,0.0,8.7,0.0,0.0,0.0,0.0,18259.96,2.5,456.5,5.8,1032.6,1489.1,1047.9,1925.5,1489.1
2015,497,Lemons and limes,Fruits,0.0,14.2,0.0,8.7,0.0,0.0,0.0,0.0,27784.18,2.5,694.6,5.8,1571.2,2265.8,1594.5,2929.8,2265.8
2015,515,Apples,Fruits,101640.0,14.2,14432.88,8.7,7587.02,22019.9,15677.6,28136.2,79529.12,2.5,1988.23,5.8,4497.37,6485.6,4564.1,8386.3,28505.5
2015,521,Pears,Fruits,5094.0,14.2,723.35,8.7,380.25,1103.6,785.7,1410.1,9957.08,2.5,248.93,5.8,563.07,812.0,571.4,1050.0,1915.6
2015,526,Apricots,Tree Fruit,983.0,14.2,139.59,8.7,73.38,213.0,151.6,272.1,505.21,2.5,12.63,5.8,28.57,41.2,29.0,53.2,254.1
2015,531,Cherries,Fruits,17487.0,14.2,2483.15,8.7,1305.33,3788.5,2697.3,4840.8,3638.26,2.5,90.96,5.8,205.74,296.7,208.8,383.6,4085.2
2015,534,Peaches and nectarines,Fruits,6200.0,14.2,880.4,8.7,462.81,1343.2,956.3,1716.3,8895.16,2.5,222.38,5.8,503.02,725.4,510.5,938.0,2068.6
2015,536,Plums and sloes,Fruits,1703.0,14.2,241.83,8.7,127.12,368.9,262.7,471.4,5569.59,2.5,139.24,5.8,314.96,454.2,319.6,587.3,823.1
2015,544,Strawberries,Fruits,1139.0,14.2,161.74,8.7,85.02,246.8,175.7,315.3,15405.27,2.5,385.13,5.8,871.17,1256.3,884.1,1624.5,1503.1
2015,547,Raspberries,Fruits,8068.0,14.2,1145.66,8.7,602.24,1747.9,1244.5,2233.4,6458.61,2.5,161.47,5.8,365.23,526.7,370.6,681.0,2274.6
2015,552,Blueberries and cranberries,Fruits,120514.0,14.2,17112.99,8.7,8995.89,26108.9,18588.9,33360.9,22299.2,2.5,557.48,5.8,1261.02,1818.5,1279.7,2351.4,27927.3
2015,560,Grapes,Fruits,26347.0,14.2,3741.27,8.7,1966.7,5708.0,4063.9,7293.4,24653.59,2.5,616.34,5.8,1394.16,2010.5,1414.9,2599.7,7718.5
2015,567,Watermelons,Fruits,274.0,14.2,38.91,8.7,20.45,59.4,42.3,75.8,30827.71,2.5,770.69,5.8,1743.31,2514.0,1769.2,3250.8,2573.4
2015,568,Cantaloupes and other melons,Fruits,1156.0,14.2,164.15,8.7,86.29,250.4,178.3,320.0,20470.88,2.5,511.77,5.8,1157.63,1669.4,1174.8,2158.6,1919.8
2015,572,Avocados,Vegetables,0.0,14.2,0.0,8.7,0.0,0.0,0.0,0.0,8929.49,2.5,223.24,5.8,504.96,728.2,512.5,941.7,728.2
2015,574,Pineapples,Fruits,0.0,14.2,0.0,8.7,0.0,0.0,0.0,0.0,18309.01,2.5,457.73,5.8,1035.37,1493.1,1050.8,1930.7,1493.1
2015,592,Kiwi fruit,Fruits,0.0,14.2,0.0,8.7,0.0,0.0,0.0,0.0,2716.13,2.5,67.9,5.8,153.6,221.5,155.8,286.4,221.5
2015,600,Papayas,Fruits,0.0,14.2,0.0,8.7,0.0,0.0,0.0,0.0,1915.39,2.5,47.88,5.8,108.32,156.2,109.9,201.9,156.2
2016,116,Potatoes,Vegetables,100017.0,14.2,14202.41,8.7,7465.87,21668.3,15427.3,27686.9,203217.66,2.5,5080.44,5.8,11491.96,16572.4,11662.5,21429.2,38240.7
2016,122,Sweet potatoes,Vegetables,0.0,14.2,0.0,8.7,0.0,0.0,0.0,0.0,5183.32,2.5,129.58,5.8,293.12,422.7,297.5,546.6,422.7
2016,358,Cabbages,Vegetables,8834.0,14.2,1254.43,8.7,659.42,1913.9,1362.6,2445.4,37892.09,2.5,947.3,5.8,2142.8,3090.1,2174.6,3995.7,5004.0
2016,367,Asparagus,Vegetables,157.0,14.2,22.29,8.7,11.72,34.0,24.2,43.5,3343.96,2.5,83.6,5.8,189.1,272.7,191.9,352.6,306.7
2016,372,Lettuce and chicory,Vegetables,5829.0,14.2,827.72,8.7,435.11,1262.8,899.1,1613.6,41465.36,2.5,1036.63,5.8,2344.87,3381.5,2379.7,4372.5,4644.4
2016,373,Spinach,Vegetables,488.0,14.2,69.3,8.7,36.43,105.7,75.3,135.1,4457.39,2.5,111.43,5.8,252.07,363.5,255.8,470.1,469.3
2016,388,Tomatoes,Vegetables,51844.5,14.2,7361.92,8.7,3869.98,11231.9,7996.8,14351.7,119465.36,2.5,2986.63,5.8,6755.77,9742.4,6856.0,12597.5,20974.3
2016,393,Cauliflowers and broccoli,Vegetables,2988.0,14.2,424.3,8.7,223.04,647.3,460.9,827.1,20060.09,2.5,501.5,5.8,1134.4,1635.9,1151.3,2115.4,2283.3
2016,394,"Pumpkins, squash and gourds",Vegetables,18280.0,14.2,2595.76,8.7,1364.53,3960.3,2819.6,5060.3,20697.73,2.5,517.44,5.8,1170.46,1687.9,1187.8,2182.5,5648.2
2016,397,Cucumbers and gherkins,Greenhouse Veg,27193.6,14.2,3861.49,8.7,2029.89,5891.4,4194.5,7527.8,26691.6,2.5,667.29,5.8,1509.41,2176.7,1531.8,2814.6,8068.1
2016,399,Eggplants (aubergines),Vegetables,0.0,14.2,0.0,8.7,0.0,0.0,0.0,0.0,2882.89,2.5,72.07,5.8,163.03,235.1,165.5,304.1,235.1
2016,401,Chillies and peppers,Vegetables,45307.4,14.2,6433.65,8.7,3382.02,9815.7,6988.5,12542.1,27580.63,2.5,689.52,5.8,1559.68,2249.2,1582.9,2908.4,12064.9
2016,403,Onions,Vegetables,4789.0,14.2,680.04,8.7,357.48,1037.5,738.7,1325.7,44649.91,2.5,1116.25,5.8,2524.95,3641.2,2562.4,4708.3,4678.7
2016,406,Green garlic,Vegetables,337.0,14.2,47.85,8.7,25.16,73.0,52.0,93.3,3515.63,2.5,87.89,5.8,198.81,286.7,201.8,370.7,359.7
2016,407,Leeks and other alliaceous vegetables,Other Storable,295.0,14.2,41.89,8.7,22.02,63.9,45.5,81.7,1326.79,2.5,33.17,5.8,75.03,108.2,76.2,139.9,172.1
2016,414,Green beans,Other Perishable,3739.0,14.2,530.94,8.7,279.1,810.0,576.7,1035.0,6636.42,2.5,165.91,5.8,375.29,541.2,380.8,699.8,1351.2
2016,417,"Peas, green",Vegetables,2542.0,14.2,360.96,8.7,189.75,550.7,392.1,703.7,4358.06,2.5,108.95,5.8,246.45,355.4,250.1,459.5,906.1
2016,426,Carrots and turnips,Vegetables,9197.0,14.2,1305.97,8.7,686.52,1992.5,1418.6,2545.9,38924.59,2.5,973.11,5.8,2201.19,3174.3,2233.9,4104.6,5166.8
2016,446,Sweet corn,Other Perishable,8815.0,14.2,1251.73,8.7,658.0,1909.7,1359.7,2440.2,8827.71,2.5,220.69,5.8,499.21,719.9,506.6,930.8,2629.6
2016,449,Mushrooms and truffles,Other Perishable,51692.0,14.2,7340.26,8.7,3858.6,11198.9,7973.3,14309.5,12188.84,2.5,304.72,5.8,689.28,994.0,699.5,1285.3,12192.8
2016,486,Bananas,Fruits,0.0,14.2,0.0,8.7,0.0,0.0,0.0,0.0,74458.61,2.5,1861.47,5.8,4210.63,6072.1,4273.1,7851.6,6072.1
2016,490,Oranges,Fruits,0.0,14.2,0.0,8.7,0.0,0.0,0.0,0.0,41204.17,2.5,1030.1,5.8,2330.1,3360.2,2364.7,4345.0,3360.2
2016,495,"Tangerines, mandarins, clementines",Fruits,0.0,14.2,0.0,8.7,0.0,0.0,0.0,0.0,18344.57,2.5,458.61,5.8,1037.39,1496.0,1052.8,1934.4,1496.0
2016,497,Lemons and limes,Fruits,0.0,14.2,0.0,8.7,0.0,0.0,0.0,0.0,17644.39,2.5,441.11,5.8,997.79,1438.9,1012.6,1860.6,1438.9
2016,515,Apples,Fruits,106823.0,14.2,15168.87,8.7,7973.91,23142.8,16477.1,29570.9,92550.58,2.5,2313.76,5.8,5233.74,7547.5,5311.4,9759.4,30690.3
2016,521,Pears,Fruits,4980.0,14.2,707.16,8.7,371.74,1078.9,768.1,1378.6,9323.11,2.5,233.08,5.8,527.22,760.3,535.0,983.1,1839.2
2016,526,Apricots,Tree Fruit,1022.0,14.2,145.12,8.7,76.29,221.4,157.6,282.9,600.86,2.5,15.02,5.8,33.98,49.0,34.5,63.4,270.5
2016,531,Cherries,Fruits,17451.0,14.2,2478.04,8.7,1302.65,3780.7,2691.8,4830.8,3997.55,2.5,99.94,5.8,226.06,326.0,229.4,421.6,4106.7
2016,534,Peaches and nectarines,Fruits,6352.0,14.2,901.98,8.7,474.15,1376.1,979.8,1758.4,9128.14,2.5,228.2,5.8,516.2,744.4,523.9,962.6,2120.5
2016,536,Plums and sloes,Fruits,1581.0,14.2,224.5,8.7,118.02,342.5,243.9,437.7,5520.54,2.5,138.01,5.8,312.19,450.2,316.8,582.2,792.7
2016,544,Strawberries,Fruits,1184.0,14.2,168.13,8.7,88.38,256.5,182.6,327.8,16080.93,2.5,402.02,5.8,909.38,1311.4,922.8,1695.7,1567.9
2016,547,Raspberries,Fruits,9040.0,14.2,1283.68,8.7,674.8,1958.5,1394.4,2502.5,5908.03,2.5,147.7,5.8,334.1,481.8,339.1,623.1,2440.3
2016,552,Blueberries and cranberries,Fruits,120293.0,14.2,17081.61,8.7,8979.39,26061.0,18554.8,33299.7,28675.66,2.5,716.89,5.8,1621.61,2338.5,1645.7,3023.8,28399.5
2016,560,Grapes,Fruits,29554.0,14.2,4196.67,8.7,2206.09,6402.8,4558.6,8181.2,25281.42,2.5,632.04,5.8,1429.66,2061.7,1450.9,2666.0,8464.5
2016,567,Watermelons,Fruits,571.0,14.2,81.08,8.7,42.62,123.7,88.1,158.1,31505.82,2.5,787.65,5.8,1781.65,2569.3,1808.1,3322.3,2693.0
2016,568,Cantaloupes and other melons,Fruits,3167.0,14.2,449.71,8.7,236.4,686.1,488.5,876.7,22060.09,2.5,551.5,5.8,1247.5,1799.0,1266.0,2326.2,2485.1
2016,572,Avocados,Vegetables,0.0,14.2,0.0,8.7,0.0,0.0,0.0,0.0,9976.7,2.5,249.42,5.8,564.18,813.6,572.6,1052.1,813.6
2016,574,Pineapples,Fruits,0.0,14.2,0.0,8.7,0.0,0.0,0.0,0.0,19580.63,2.5,489.52,5.8,1107.28,1596.8,1123.7,2064.7,1596.8
2016,592,Kiwi fruit,Fruits,0.0,14.2,0.0,8.7,0.0,0.0,0.0,0.0,2901.29,2.5,72.53,5.8,164.07,236.6,166.5,305.9,236.6
2016,600,Papayas,Fruits,0.0,14.2,0.0,8.7,0.0,0.0,0.0,0.0,2017.17,2.5,50.43,5.8,114.07,164.5,115.7,212.7,164.5
2017,116,Potatoes,Vegetables,82735.2,14.2,11748.4,8.7,6175.85,17924.2,12761.6,22902.9,259505.82,2.5,6487.65,5.8,14675.05,21162.7,14892.9,27364.8,39087.0
2017,122,Sweet potatoes,Vegetables,0.0,14.2,0.0,8.7,0.0,0.0,0.0,0.0,4656.04,2.5,116.4,5.8,263.3,379.7,267.2,491.0,379.7
2017,358,Cabbages,Vegetables,8694.0,14.2,1234.55,8.7,648.97,1883.5,1341.0,2406.7,34407.11,2.5,860.18,5.8,1945.72,2805.9,1974.6,3628.2,4689.4
2017,367,Asparagus,Vegetables,153.0,14.2,21.73,8.7,11.42,33.1,23.6,42.4,3415.08,2.5,85.38,5.8,193.12,278.5,196.0,360.2,311.7
2017,372,Lettuce and chicory,Vegetables,9133.0,14.2,1296.89,8.7,681.74,1978.6,1408.7,2528.2,41166.16,2.5,1029.15,5.8,2327.95,3357.1,2362.5,4340.9,5335.7
2017,373,Spinach,Vegetables,619.0,14.2,87.9,8.7,46.21,134.1,95.5,171.4,4745.55,2.5,118.64,5.8,268.36,387.0,272.4,500.4,521.1
2017,388,Tomatoes,Vegetables,53637.3,14.2,7616.5,8.7,4003.81,11620.3,8273.4,14848.0,115668.91,2.5,2891.72,5.8,6541.08,9432.8,6638.2,12197.3,21053.1
2017,393,Cauliflowers and broccoli,Vegetables,1984.0,14.2,281.73,8.7,148.1,429.8,306.0,549.2,20474.56,2.5,511.86,5.8,1157.84,1669.7,1175.0,2159.1,2099.6
2017,394,"Pumpkins, squash and gourds",Vegetables,18430.0,14.2,2617.06,8.7,1375.73,3992.8,2842.8,5101.8,20546.9,2.5,513.67,5.8,1161.93,1675.6,1179.2,2166.7,5668.4
2017,397,Cucumbers and gherkins,Greenhouse Veg,27961.8,14.2,3970.58,8.7,2087.24,6057.8,4313.0,7740.4,26968.73,2.5,674.22,5.8,1525.08,2199.3,1547.7,2843.8,8257.1
2017,399,Eggplants (aubergines),Vegetables,583.9,14.2,82.91,8.7,43.59,126.5,90.1,161.6,2947.88,2.5,73.7,5.8,166.7,240.4,169.2,310.9,366.9
2017,401,Chillies and peppers,Vegetables,42555.8,14.2,6042.92,8.7,3176.62,9219.5,6564.1,11780.4,24190.07,2.5,604.75,5.8,1367.95,1972.7,1388.3,2550.8,11192.2
2017,403,Onions,Vegetables,2387.0,14.2,338.95,8.7,178.18,517.1,368.2,660.8,45461.68,2.5,1136.54,5.8,2570.86,3707.4,2609.0,4793.9,4224.6
2017,406,Green garlic,Vegetables,241.0,14.2,34.22,8.7,17.99,52.2,37.2,66.7,3575.72,2.5,89.39,5.8,202.21,291.6,205.2,377.1,343.8
2017,407,Leeks and other alliaceous vegetables,Other Storable,447.0,14.2,63.47,8.7,33.37,96.8,68.9,123.7,1330.47,2.5,33.26,5.8,75.24,108.5,76.3,140.3,205.3
2017,414,Green beans,Other Perishable,2175.8,14.2,308.96,8.7,162.42,471.4,335.6,602.3,6192.52,2.5,154.81,5.8,350.19,505.0,355.4,653.1,976.4
2017,417,"Peas, green",Vegetables,1522.0,14.2,216.12,8.7,113.61,329.7,234.8,421.3,5171.06,2.5,129.28,5.8,292.42,421.7,296.8,545.3,751.5
2017,426,Carrots and turnips,Vegetables,10993.0,14.2,1561.01,8.7,820.58,2381.6,1695.6,3043.1,35158.8,2.5,878.97,5.8,1988.23,2867.2,2017.8,3707.5,5248.8
2017,446,Sweet corn,Other Perishable,6053.0,14.2,859.53,8.7,451.83,1311.4,933.7,1675.6,9042.31,2.5,226.06,5.8,511.34,737.4,518.9,953.5,2048.7
2017,449,Mushrooms and truffles,Other Perishable,52167.0,14.2,7407.71,8.7,3894.06,11301.8,8046.6,14441.0,12546.9,2.5,313.67,5.8,709.53,1023.2,720.1,1323.1,12325.0
2017,486,Bananas,Fruits,0.0,14.2,0.0,8.7,0.0,0.0,0.0,0.0,75877.38,2.5,1896.93,5.8,4290.87,6187.8,4354.6,8001.3,6187.8
2017,490,Oranges,Fruits,0.0,14.2,0.0,8.7,0.0,0.0,0.0,0.0,37888.41,2.5,947.21,5.8,2142.59,3089.8,2174.4,3995.3,3089.8
2017,495,"Tangerines, mandarins, clementines",Fruits,0.0,14.2,0.0,8.7,0.0,0.0,0.0,0.0,19305.95,2.5,482.65,5.8,1091.75,1574.4,1108.0,2035.9,1574.4
2017,497,Lemons and limes,Fruits,0.0,14.2,0.0,8.7,0.0,0.0,0.0,0.0,13637.03,2.5,340.93,5.8,771.17,1112.1,782.6,1438.0,1112.1
2017,515,Apples,Fruits,105463.5,14.2,14975.82,8.7,7872.43,22848.2,16267.4,29194.6,89769.47,2.5,2244.24,5.8,5076.46,7320.7,5151.8,9466.1,30168.9
2017,521,Pears,Fruits,5203.5,14.2,738.9,8.7,388.42,1127.3,802.6,1440.4,9059.47,2.5,226.49,5.8,512.31,738.8,520.0,955.4,1866.2
2017,526,Apricots,Tree Fruit,964.5,14.2,136.96,8.7,72.0,209.0,148.8,267.0,502.76,2.5,12.57,5.8,28.43,41.0,28.9,53.1,250.0
2017,531,Cherries,Fruits,21391.5,14.2,3037.59,8.7,1596.79,4634.4,3299.6,5921.6,6148.38,2.5,153.71,5.8,347.69,501.4,352.8,648.3,5135.7
2017,534,Peaches and nectarines,Fruits,6120.0,14.2,869.04,8.7,456.83,1325.9,944.0,1694.1,7747.39,2.5,193.68,5.8,438.12,631.8,444.6,817.0,1957.7
2017,536,Plums and sloes,Fruits,1565.0,14.2,222.23,8.7,116.82,339.1,241.4,433.2,5527.9,2.5,138.2,5.8,312.6,450.8,317.3,582.9,789.9
2017,544,Strawberries,Fruits,1157.5,14.2,164.36,8.7,86.4,250.8,178.5,320.4,17599.02,2.5,439.98,5.8,995.22,1435.2,1010.0,1855.8,1685.9
2017,547,Raspberries,Fruits,8542.0,14.2,1212.96,8.7,637.63,1850.6,1317.6,2364.6,6111.59,2.5,152.79,5.8,345.61,498.4,350.8,644.5,2349.0
2017,552,Blueberries and cranberries,Fruits,121860.5,14.2,17304.19,8.7,9096.4,26400.6,18796.6,33733.6,23961.99,2.5,599.05,5.8,1355.05,1954.1,1375.2,2526.8,28354.7
2017,560,Grapes,Fruits,0.0,14.2,0.0,8.7,0.0,0.0,0.0,0.0,26572.65,2.5,664.32,5.8,1502.68,2167.0,1525.0,2802.1,2167.0
2017,567,Watermelons,Fruits,582.0,14.2,82.64,8.7,43.44,126.1,89.8,161.1,30631.51,2.5,765.79,5.8,1732.21,2498.0,1757.9,3230.1,2624.1
2017,568,Cantaloupes and other melons,Fruits,3273.0,14.2,464.77,8.7,244.32,709.1,504.8,906.0,21337.83,2.5,533.45,5.8,1206.65,1740.1,1224.6,2250.1,2449.2
2017,572,Avocados,Vegetables,0.0,14.2,0.0,8.7,0.0,0.0,0.0,0.0,10282.04,2.5,257.05,5.8,581.45,838.5,590.1,1084.3,838.5
2017,574,Pineapples,Fruits,0.0,14.2,0.0,8.7,0.0,0.0,0.0,0.0,20721.03,2.5,518.03,5.8,1171.77,1689.8,1189.2,2185.0,1689.8
2017,592,Kiwi fruit,Fruits,0.0,14.2,0.0,8.7,0.0,0.0,0.0,0.0,2588.6,2.5,64.72,5.8,146.39,211.1,148.6,273.0,211.1
2017,600,Papayas,Fruits,0.0,14.2,0.0,8.7,0.0,0.0,0.0,0.0,2192.52,2.5,54.81,5.8,123.99,178.8,125.9,231.3,178.8
2018,116,Potatoes,Vegetables,95254.3,14.2,13526.11,8.7,7110.35,20636.5,14692.6,26368.5,251720.42,2.5,6293.01,5.8,14234.79,20527.8,14446.1,26543.8,41164.3
2018,122,Sweet potatoes,Vegetables,5.0,14.2,0.71,8.7,0.37,1.1,0.8,1.4,4608.22,2.5,115.21,5.8,260.59,375.8,264.5,485.9,376.9
2018,358,Cabbages,Vegetables,9306.0,14.2,1321.45,8.7,694.66,2016.1,1435.4,2576.1,34396.08,2.5,859.9,5.8,1945.1,2805.0,1974.0,3627.1,4821.1
2018,367,Asparagus,Vegetables,152.0,14.2,21.58,8.7,11.35,32.9,23.4,42.1,3857.76,2.5,96.44,5.8,218.16,314.6,221.4,406.9,347.6
2018,372,Lettuce and chicory,Vegetables,6929.1,14.2,983.93,8.7,517.23,1501.2,1068.8,1918.1,40412.02,2.5,1010.3,5.8,2285.3,3295.6,2319.2,4261.4,4796.8
2018,373,Spinach,Vegetables,509.0,14.2,72.28,8.7,37.99,110.3,78.5,140.9,4645.0,2.5,116.12,5.8,262.68,378.8,266.6,489.8,489.0
2018,388,Tomatoes,Vegetables,52658.9,14.2,7477.56,8.7,3930.78,11408.3,8122.5,14577.1,122600.86,2.5,3065.02,5.8,6933.08,9998.1,7036.0,12928.2,21406.5
2018,393,Cauliflowers and broccoli,Vegetables,2683.0,14.2,380.99,8.7,200.27,581.3,413.8,742.7,21449.42,2.5,536.24,5.8,1212.96,1749.2,1231.0,2261.8,2330.5
2018,394,"Pumpkins, squash and gourds",Vegetables,16313.0,14.2,2316.45,8.7,1217.7,3534.1,2516.2,4515.8,19547.52,2.5,488.69,5.8,1105.41,1594.1,1121.8,2061.3,5128.3
2018,397,Cucumbers and gherkins,Greenhouse Veg,32779.2,14.2,4654.65,8.7,2446.84,7101.5,5056.1,9074.0,27526.67,2.5,688.17,5.8,1556.63,2244.8,1579.8,2902.7,9346.3
2018,399,Eggplants (aubergines),Vegetables,594.1,14.2,84.36,8.7,44.35,128.7,91.6,164.5,2925.81,2.5,73.15,5.8,165.45,238.6,167.9,308.5,367.3
2018,401,Chillies and peppers,Vegetables,41567.9,14.2,5902.64,8.7,3102.88,9005.5,6411.7,11506.9,25019.01,2.5,625.48,5.8,1414.82,2040.3,1435.8,2638.3,11045.8
2018,403,Onions,Vegetables,4759.0,14.2,675.78,8.7,355.24,1031.0,734.1,1317.4,47160.02,2.5,1179.0,5.8,2666.9,3845.9,2706.5,4973.0,4876.9
2018,406,Green garlic,Vegetables,261.0,14.2,37.06,8.7,19.48,56.5,40.3,72.3,4192.52,2.5,104.81,5.8,237.09,341.9,240.6,442.1,398.5
2018,407,Leeks and other alliaceous vegetables,Other Storable,340.0,14.2,48.28,8.7,25.38,73.7,52.4,94.1,1183.32,2.5,29.58,5.8,66.92,96.5,67.9,124.8,170.2
2018,414,Green beans,Other Perishable,0.0,14.2,0.0,8.7,0.0,0.0,0.0,0.0,4584.92,2.5,114.62,5.8,259.28,373.9,263.1,483.5,373.9
2018,417,"Peas, green",Vegetables,1896.0,14.2,269.23,8.7,141.53,410.8,292.5,524.9,5668.91,2.5,141.72,5.8,320.58,462.3,325.3,597.8,873.1
2018,426,Carrots and turnips,Vegetables,10123.0,14.2,1437.47,8.7,755.64,2193.1,1561.4,2802.3,36385.04,2.5,909.63,5.8,2057.57,2967.2,2088.1,3836.7,5160.3
2018,446,Sweet corn,Other Perishable,6611.0,14.2,938.76,8.7,493.48,1432.2,1019.7,1830.1,8484.37,2.5,212.11,5.8,479.79,691.9,486.9,894.7,2124.2
2018,449,Mushrooms and truffles,Other Perishable,52197.0,14.2,7411.97,8.7,3896.3,11308.3,8051.2,14449.3,12635.19,2.5,315.88,5.8,714.52,1030.4,725.2,1332.4,12338.7
2018,486,Bananas,Fruits,0.0,14.2,0.0,8.7,0.0,0.0,0.0,0.0,75247.09,2.5,1881.18,5.8,4255.22,6136.4,4318.4,7934.8,6136.4
2018,490,Oranges,Fruits,0.0,14.2,0.0,8.7,0.0,0.0,0.0,0.0,36929.49,2.5,923.24,5.8,2088.36,3011.6,2119.3,3894.2,3011.6
2018,495,"Tangerines, mandarins, clementines",Fruits,0.0,14.2,0.0,8.7,0.0,0.0,0.0,0.0,18962.6,2.5,474.06,5.8,1072.34,1546.4,1088.3,1999.6,1546.4
2018,497,Lemons and limes,Fruits,0.0,14.2,0.0,8.7,0.0,0.0,0.0,0.0,14913.55,2.5,372.84,5.8,843.36,1216.2,855.9,1572.7,1216.2
2018,515,Apples,Fruits,104104.0,14.2,14782.77,8.7,7770.95,22553.7,16057.7,28818.3,90553.03,2.5,2263.83,5.8,5120.77,7384.6,5196.8,9548.8,29938.3
2018,521,Pears,Fruits,5427.0,14.2,770.63,8.7,405.1,1175.7,837.1,1502.3,9216.43,2.5,230.41,5.8,521.19,751.6,528.9,971.8,1927.3
2018,526,Apricots,Tree Fruit,907.0,14.2,128.79,8.7,67.7,196.5,139.9,251.1,457.39,2.5,11.43,5.8,25.87,37.3,26.2,48.2,233.8
2018,531,Cherries,Fruits,25332.0,14.2,3597.14,8.7,1890.93,5488.1,3907.4,7012.4,5339.06,2.5,133.48,5.8,301.92,435.4,306.4,563.1,5923.5
2018,534,Peaches and nectarines,Fruits,5888.0,14.2,836.1,8.7,439.52,1275.6,908.2,1629.9,8484.37,2.5,212.11,5.8,479.79,691.9,486.9,894.7,1967.5
2018,536,Plums and sloes,Fruits,1549.0,14.2,219.96,8.7,115.63,335.6,238.9,428.8,5135.5,2.5,128.39,5.8,290.41,418.8,294.8,541.6,754.4
2018,544,Strawberries,Fruits,1131.0,14.2,160.6,8.7,84.42,245.0,174.5,313.1,17957.08,2.5,448.93,5.8,1015.47,1464.4,1030.5,1893.5,1709.4
2018,547,Raspberries,Fruits,8044.0,14.2,1142.25,8.7,600.45,1742.7,1240.8,2226.8,6674.43,2.5,166.86,5.8,377.44,544.3,383.0,703.8,2287.0
2018,552,Blueberries and cranberries,Fruits,123428.0,14.2,17526.78,8.7,9213.41,26740.2,19038.3,34167.6,21687.31,2.5,542.18,5.8,1226.42,1768.6,1244.6,2286.9,28508.8
2018,560,Grapes,Fruits,0.0,14.2,0.0,8.7,0.0,0.0,0.0,0.0,27411.4,2.5,685.29,5.8,1550.11,2235.4,1573.1,2890.6,2235.4
2018,567,Watermelons,Fruits,646.0,14.2,91.73,8.7,48.22,140.0,99.6,178.8,31287.55,2.5,782.19,5.8,1769.31,2551.5,1795.6,3299.2,2691.4
2018,568,Cantaloupes and other melons,Fruits,3483.0,14.2,494.59,8.7,259.99,754.6,537.2,964.2,21632.13,2.5,540.8,5.8,1223.3,1764.1,1241.5,2281.1,2518.7
2018,572,Avocados,Vegetables,0.0,14.2,0.0,8.7,0.0,0.0,0.0,0.0,12160.64,2.5,304.02,5.8,687.68,991.7,697.9,1282.3,991.7
2018,574,Pineapples,Fruits,0.0,14.2,0.0,8.7,0.0,0.0,0.0,0.0,20198.65,2.5,504.97,5.8,1142.23,1647.2,1159.2,2129.9,1647.2
2018,592,Kiwi fruit,Fruits,0.0,14.2,0.0,8.7,0.0,0.0,0.0,0.0,2212.14,2.5,55.3,5.8,125.1,180.4,127.0,233.3,180.4
2018,600,Papayas,Fruits,0.0,14.2,0.0,8.7,0.0,0.0,0.0,0.0,2066.22,2.5,51.66,5.8,116.84,168.5,118.6,217.9,168.5
2019,116,Potatoes,Vegetables,97295.5,14.2,13815.96,8.7,7262.72,21078.7,15007.5,26933.5,299709.38,2.5,7492.73,5.8,16948.57,24441.3,17200.2,31604.3,45520.0
2019,122,Sweet potatoes,Vegetables,5.0,14.2,0.71,8.7,0.37,1.1,0.8,1.4,3406.5,2.5,85.16,5.8,192.64,277.8,195.5,359.2,278.9
2019,358,Cabbages,Vegetables,8817.0,14.2,1252.01,8.7,658.15,1910.2,1360.0,2440.7,36691.6,2.5,917.29,5.8,2074.91,2992.2,2105.7,3869.1,4902.4
2019,367,Asparagus,Vegetables,176.0,14.2,24.99,8.7,13.14,38.1,27.1,48.7,3946.05,2.5,98.65,5.8,223.15,321.8,226.5,416.2,360.0
2019,372,Lettuce and chicory,Vegetables,6109.2,14.2,867.51,8.7,456.03,1323.5,942.3,1691.2,41010.42,2.5,1025.26,5.8,2319.14,3344.4,2353.6,4324.5,4667.9
2019,373,Spinach,Vegetables,505.0,14.2,71.71,8.7,37.7,109.4,77.9,139.8,4635.19,2.5,115.88,5.8,262.12,378.0,266.0,488.8,487.4
2019,388,Tomatoes,Vegetables,43825.3,14.2,6223.19,8.7,3271.38,9494.6,6759.9,12131.8,125433.48,2.5,3135.84,5.8,7093.26,10229.1,7198.6,13226.9,19723.7
2019,393,Cauliflowers and broccoli,Vegetables,2007.0,14.2,284.99,8.7,149.81,434.8,309.6,555.6,20719.8,2.5,518.0,5.8,1171.7,1689.7,1189.1,2184.8,2124.5
2019,394,"Pumpkins, squash and gourds",Vegetables,14969.0,14.2,2125.6,8.7,1117.38,3243.0,2308.9,4143.7,19061.93,2.5,476.55,5.8,1077.95,1554.5,1094.0,2010.1,4797.5
2019,397,Cucumbers and gherkins,Greenhouse Veg,25736.3,14.2,3654.55,8.7,1921.11,5575.7,3969.7,7124.4,24436.54,2.5,610.91,5.8,1381.89,1992.8,1402.4,2576.9,7568.5
2019,399,Eggplants (aubergines),Vegetables,643.4,14.2,91.36,8.7,48.03,139.4,99.2,178.1,3015.33,2.5,75.38,5.8,170.52,245.9,173.1,318.0,385.3
2019,401,Chillies and peppers,Vegetables,46002.4,14.2,6532.34,8.7,3433.9,9966.2,7095.7,12734.5,25575.72,2.5,639.39,5.8,1446.31,2085.7,1467.8,2696.9,12051.9
2019,403,Onions,Vegetables,5104.0,14.2,724.77,8.7,380.99,1105.8,787.3,1412.9,50374.0,2.5,1259.35,5.8,2848.65,4108.0,2890.9,5311.9,5213.8
2019,406,Green garlic,Vegetables,238.0,14.2,33.8,8.7,17.77,51.6,36.7,65.9,4089.52,2.5,102.24,5.8,231.26,333.5,234.7,431.2,385.0
2019,407,Leeks and other alliaceous vegetables,Other Storable,361.0,14.2,51.26,8.7,26.95,78.2,55.7,99.9,1500.92,2.5,37.52,5.8,84.88,122.4,86.1,158.3,200.6
2019,414,Green beans,Other Perishable,2572.6,14.2,365.31,8.7,192.03,557.3,396.8,712.1,6285.71,2.5,157.14,5.8,355.46,512.6,360.7,662.8,1070.0
2019,417,"Peas, green",Vegetables,1554.0,14.2,220.67,8.7,116.0,336.7,239.7,430.2,4057.63,2.5,101.44,5.8,229.46,330.9,232.9,427.9,667.6
2019,426,Carrots and turnips,Vegetables,9318.0,14.2,1323.16,8.7,695.55,2018.7,1437.3,2579.4,33726.55,2.5,843.16,5.8,1907.24,2750.4,1935.6,3556.5,4769.1
2019,446,Sweet corn,Other Perishable,7826.0,14.2,1111.29,8.7,584.18,1695.5,1207.1,2166.4,8581.24,2.5,214.53,5.8,485.27,699.8,492.5,904.9,2395.3
2019,449,Mushrooms and truffles,Other Perishable,62197.0,14.2,8831.97,8.7,4642.76,13474.7,9593.7,17217.5,11020.23,2.5,275.51,5.8,623.19,898.7,632.5,1162.1,14373.5
2019,486,Bananas,Fruits,0.0,14.2,0.0,8.7,0.0,0.0,0.0,0.0,76826.49,2.5,1920.66,5.8,4344.54,6265.2,4409.1,8101.3,6265.2
2019,490,Oranges,Fruits,0.0,14.2,0.0,8.7,0.0,0.0,0.0,0.0,35912.94,2.5,897.82,5.8,2030.88,2928.7,2061.1,3787.1,2928.7
2019,495,"Tangerines, mandarins, clementines",Fruits,0.0,14.2,0.0,8.7,0.0,0.0,0.0,0.0,19043.53,2.5,476.09,5.8,1076.91,1553.0,1092.9,2008.2,1553.0
2019,497,Lemons and limes,Fruits,0.0,14.2,0.0,8.7,0.0,0.0,0.0,0.0,16864.5,2.5,421.61,5.8,953.69,1375.3,967.8,1778.3,1375.3
2019,515,Apples,Fruits,105594.0,14.2,14994.35,8.7,7882.17,22876.5,16287.5,29230.7,85101.16,2.5,2127.53,5.8,4812.47,6940.0,4883.9,8973.9,29816.5
2019,521,Pears,Fruits,5415.0,14.2,768.93,8.7,404.21,1173.1,835.2,1499.0,9326.79,2.5,233.17,5.8,527.43,760.6,535.2,983.5,1933.7
2019,526,Apricots,Tree Fruit,818.0,14.2,116.16,8.7,61.06,177.2,126.2,226.4,539.55,2.5,13.49,5.8,30.51,44.0,31.0,56.9,221.2
2019,531,Cherries,Fruits,21235.0,14.2,3015.37,8.7,1585.11,4600.5,3275.4,5878.3,5286.33,2.5,132.16,5.8,298.94,431.1,303.4,557.5,5031.6
2019,534,Peaches and nectarines,Fruits,5682.0,14.2,806.84,8.7,424.14,1231.0,876.4,1572.9,8544.45,2.5,213.61,5.8,483.19,696.8,490.4,901.0,1927.8
2019,536,Plums and sloes,Fruits,1387.0,14.2,196.95,8.7,103.53,300.5,213.9,384.0,5307.17,2.5,132.68,5.8,300.12,432.8,304.6,559.6,733.3
2019,544,Strawberries,Fruits,1379.0,14.2,195.82,8.7,102.94,298.8,212.7,381.7,15339.06,2.5,383.48,5.8,867.42,1250.9,880.3,1617.5,1549.7
2019,547,Raspberries,Fruits,6952.0,14.2,987.18,8.7,518.94,1506.1,1072.3,1924.5,6831.39,2.5,170.78,5.8,386.32,557.1,392.1,720.4,2063.3
2019,552,Blueberries and cranberries,Fruits,117234.0,14.2,16647.23,8.7,8751.05,25398.3,18082.9,32452.9,26508.89,2.5,662.72,5.8,1499.08,2161.8,1521.3,2795.3,27560.1
2019,560,Grapes,Fruits,33061.0,14.2,4694.66,8.7,2467.87,7162.5,5099.5,9152.0,27889.64,2.5,697.24,5.8,1577.16,2274.4,1600.6,2941.0,9436.9
2019,567,Watermelons,Fruits,480.0,14.2,68.16,8.7,35.83,104.0,74.0,132.9,31870.02,2.5,796.75,5.8,1802.25,2599.0,1829.0,3360.7,2703.0
2019,568,Cantaloupes and other melons,Fruits,2422.0,14.2,343.92,8.7,180.79,524.7,373.6,670.5,19397.92,2.5,484.95,5.8,1096.95,1581.9,1113.2,2045.5,2106.6
2019,572,Avocados,Vegetables,0.0,14.2,0.0,8.7,0.0,0.0,0.0,0.0,12323.73,2.5,308.09,5.8,696.91,1005.0,707.2,1299.5,1005.0
2019,574,Pineapples,Fruits,0.0,14.2,0.0,8.7,0.0,0.0,0.0,0.0,19931.33,2.5,498.28,5.8,1127.12,1625.4,1143.9,2101.8,1625.4
2019,592,Kiwi fruit,Fruits,0.0,14.2,0.0,8.7,0.0,0.0,0.0,0.0,2382.59,2.5,59.56,5.8,134.74,194.3,136.7,251.3,194.3
2019,600,Papayas,Fruits,0.0,14.2,0.0,8.7,0.0,0.0,0.0,0.0,2234.21,2.5,55.86,5.8,126.34,182.2,128.2,235.6,182.2
2020,116,Potatoes,Vegetables,97749.1,14.2,13880.37,8.7,7296.58,21176.9,15077.5,27059.1,341888.41,2.5,8547.21,5.8,19333.79,27881.0,19620.8,36052.0,49058.0
2020,122,Sweet potatoes,Vegetables,3.0,14.2,0.43,8.7,0.22,0.6,0.5,0.8,4320.05,2.5,108.0,5.8,244.3,352.3,248.0,455.6,353.0
2020,358,Cabbages,Vegetables,10554.0,14.2,1498.67,8.7,787.81,2286.5,1627.9,2921.6,36300.43,2.5,907.51,5.8,2052.79,2960.3,2083.3,3827.9,5246.8
2020,367,Asparagus,Vegetables,157.0,14.2,22.29,8.7,11.72,34.0,24.2,43.5,3923.97,2.5,98.1,5.8,221.9,320.0,225.2,413.8,354.0
2020,372,Lettuce and chicory,Vegetables,4939.8,14.2,701.45,8.7,368.74,1070.2,761.9,1367.4,37150.21,2.5,928.76,5.8,2100.84,3029.6,2132.0,3917.4,4099.8
2020,373,Spinach,Vegetables,790.0,14.2,112.18,8.7,58.97,171.2,121.9,218.7,4792.15,2.5,119.8,5.8,271.0,390.8,275.0,505.3,562.0
2020,388,Tomatoes,Vegetables,40077.5,14.2,5691.0,8.7,2991.63,8682.6,6181.8,11094.3,127318.21,2.5,3182.96,5.8,7199.84,10382.8,7306.7,13425.6,19065.4
2020,393,Cauliflowers and broccoli,Vegetables,1967.0,14.2,279.31,8.7,146.83,426.1,303.4,544.5,20810.55,2.5,520.26,5.8,1176.84,1697.1,1194.3,2194.5,2123.3
2020,394,"Pumpkins, squash and gourds",Vegetables,13434.0,14.2,1907.63,8.7,1002.79,2910.4,2072.1,3718.8,20508.89,2.5,512.72,5.8,1159.78,1672.5,1177.0,2162.6,4582.9
2020,397,Cucumbers and gherkins,Greenhouse Veg,32178.7,14.2,4569.38,8.7,2402.01,6971.4,4963.5,8907.8,27666.46,2.5,691.66,5.8,1564.54,2256.2,1587.8,2917.4,9227.6
2020,399,Eggplants (aubergines),Vegetables,903.5,14.2,128.3,8.7,67.44,195.7,139.4,250.1,3113.43,2.5,77.84,5.8,176.06,253.9,178.7,328.3,449.6
2020,401,Chillies and peppers,Vegetables,47367.0,14.2,6726.11,8.7,3535.76,10261.9,7306.2,13112.2,22983.45,2.5,574.59,5.8,1299.71,1874.3,1319.0,2423.6,12136.1
2020,403,Onions,Vegetables,4812.0,14.2,683.3,8.7,359.2,1042.5,742.2,1332.1,48602.08,2.5,1215.05,5.8,2748.45,3963.5,2789.3,5125.1,5006.0
2020,406,Green garlic,Vegetables,206.0,14.2,29.25,8.7,15.38,44.6,31.8,57.0,4640.1,2.5,116.0,5.8,262.4,378.4,266.3,489.3,423.1
2020,407,Leeks and other alliaceous vegetables,Other Storable,569.0,14.2,80.8,8.7,42.47,123.3,87.8,157.5,1641.94,2.5,41.05,5.8,92.85,133.9,94.2,173.1,257.1
2020,414,Green beans,Other Perishable,2274.9,14.2,323.04,8.7,169.81,492.9,350.9,629.8,5916.62,2.5,147.92,5.8,334.58,482.5,339.6,624.0,975.4
2020,417,"Peas, green",Vegetables,1542.0,14.2,218.96,8.7,115.1,334.1,237.8,426.9,3823.42,2.5,95.59,5.8,216.21,311.8,219.4,403.1,645.8
2020,426,Carrots and turnips,Vegetables,9500.0,14.2,1349.0,8.7,709.14,2058.1,1465.3,2629.8,33348.87,2.5,833.72,5.8,1885.88,2719.6,1913.9,3516.6,4777.7
2020,446,Sweet corn,Other Perishable,5834.0,14.2,828.43,8.7,435.48,1263.9,899.9,1615.0,9037.4,2.5,225.94,5.8,511.06,737.0,518.7,953.0,2000.9
2020,449,Mushrooms and truffles,Other Perishable,59173.6,14.2,8402.65,8.7,4417.07,12819.7,9127.3,16380.5,10434.09,2.5,260.85,5.8,590.05,850.9,598.8,1100.2,13670.6
2020,486,Bananas,Fruits,0.0,14.2,0.0,8.7,0.0,0.0,0.0,0.0,72638.87,2.5,1815.97,5.8,4107.73,5923.7,4168.7,7659.8,5923.7
2020,490,Oranges,Fruits,0.0,14.2,0.0,8.7,0.0,0.0,0.0,0.0,38274.68,2.5,956.87,5.8,2164.43,3121.3,2196.5,4036.0,3121.3
2020,495,"Tangerines, mandarins, clementines",Fruits,0.0,14.2,0.0,8.7,0.0,0.0,0.0,0.0,21131.82,2.5,528.3,5.8,1195.0,1723.3,1212.7,2228.3,1723.3
2020,497,Lemons and limes,Fruits,0.0,14.2,0.0,8.7,0.0,0.0,0.0,0.0,14479.46,2.5,361.99,5.8,818.81,1180.8,831.0,1526.9,1180.8
2020,515,Apples,Fruits,92829.0,14.2,13181.72,8.7,6929.31,20111.0,14318.6,25697.1,84908.65,2.5,2122.72,5.8,4801.58,6924.3,4872.9,8953.6,27035.4
2020,521,Pears,Fruits,4765.0,14.2,676.63,8.7,355.69,1032.3,735.0,1319.1,9291.23,2.5,232.28,5.8,525.42,757.7,533.2,979.8,1790.0
2020,526,Apricots,Tree Fruit,732.0,14.2,103.94,8.7,54.64,158.6,112.9,202.6,434.09,2.5,10.85,5.8,24.55,35.4,24.9,45.8,194.0
2020,531,Cherries,Fruits,18646.0,14.2,2647.73,8.7,1391.85,4039.6,2876.1,5161.6,4811.77,2.5,120.29,5.8,272.11,392.4,276.1,507.3,4431.9
2020,534,Peaches and nectarines,Fruits,5418.0,14.2,769.36,8.7,404.43,1173.8,835.7,1499.8,7943.59,2.5,198.59,5.8,449.21,647.8,455.9,837.6,1821.6
2020,536,Plums and sloes,Fruits,1234.0,14.2,175.23,8.7,92.11,267.3,190.3,341.6,5114.65,2.5,127.87,5.8,289.23,417.1,293.5,539.3,684.4
2020,544,Strawberries,Fruits,1377.0,14.2,195.53,8.7,102.79,298.3,212.4,381.2,15640.71,2.5,391.02,5.8,884.48,1275.5,897.6,1649.3,1573.9
2020,547,Raspberries,Fruits,5617.0,14.2,797.61,8.7,419.29,1216.9,866.4,1554.9,7037.4,2.5,175.94,5.8,397.96,573.9,403.9,742.1,1790.8
2020,552,Blueberries and cranberries,Fruits,120791.0,14.2,17152.32,8.7,9016.57,26168.9,18631.6,33437.6,23168.61,2.5,579.22,5.8,1310.18,1889.4,1329.7,2443.2,28058.3
2020,560,Grapes,Fruits,29725.0,14.2,4220.95,8.7,2218.85,6439.8,4585.0,8228.5,26290.62,2.5,657.27,5.8,1486.73,2144.0,1508.8,2772.3,8583.8
2020,567,Watermelons,Fruits,435.0,14.2,61.77,8.7,32.47,94.2,67.1,120.4,32697.73,2.5,817.44,5.8,1849.06,2666.5,1876.5,3447.9,2760.7
2020,568,Cantaloupes and other melons,Fruits,2217.0,14.2,314.81,8.7,165.49,480.3,342.0,613.7,17433.48,2.5,435.84,5.8,985.86,1421.7,1000.5,1838.3,1902.0
2020,572,Avocados,Vegetables,0.0,14.2,0.0,8.7,0.0,0.0,0.0,0.0,13885.96,2.5,347.15,5.8,785.25,1132.4,796.9,1464.3,1132.4
2020,574,Pineapples,Fruits,0.0,14.2,0.0,8.7,0.0,0.0,0.0,0.0,18371.55,2.5,459.29,5.8,1038.91,1498.2,1054.3,1937.2,1498.2
2020,592,Kiwi fruit,Fruits,0.0,14.2,0.0,8.7,0.0,0.0,0.0,0.0,2792.15,2.5,69.8,5.8,157.9,227.7,160.3,294.5,227.7
2020,600,Papayas,Fruits,0.0,14.2,0.0,8.7,0.0,0.0,0.0,0.0,2283.26,2.5,57.08,5.8,129.12,186.2,131.0,240.7,186.2
2021,116,Potatoes,Vegetables,94347.1,14.2,13397.29,8.7,7042.63,20439.9,14552.7,26117.3,286088.29,2.5,7152.21,5.8,16178.29,23330.5,16418.5,30167.9,43770.5
2021,122,Sweet potatoes,Vegetables,0.0,14.2,0.0,8.7,0.0,0.0,0.0,0.0,5258.12,2.5,131.45,5.8,297.35,428.8,301.7,554.4,428.8
2021,358,Cabbages,Vegetables,8915.0,14.2,1265.93,8.7,665.47,1931.4,1375.1,2467.9,36880.44,2.5,922.01,5.8,2085.59,3007.6,2116.6,3889.0,4939.0
2021,367,Asparagus,Vegetables,165.0,14.2,23.43,8.7,12.32,35.7,25.5,45.7,4343.35,2.5,108.58,5.8,245.62,354.2,249.3,458.0,389.9
2021,372,Lettuce and chicory,Vegetables,4786.9,14.2,679.74,8.7,357.32,1037.1,738.4,1325.1,38690.37,2.5,967.26,5.8,2187.94,3155.2,2220.4,4079.9,4192.2
2021,373,Spinach,Vegetables,812.0,14.2,115.3,8.7,60.61,175.9,125.2,224.8,4990.8,2.5,124.77,5.8,282.23,407.0,286.4,526.3,582.9
2021,388,Tomatoes,Vegetables,31809.4,14.2,4516.93,8.7,2374.44,6891.4,4906.5,8805.5,128526.06,2.5,3213.15,5.8,7268.15,10481.3,7376.1,13553.0,17372.7
2021,393,Cauliflowers and broccoli,Vegetables,1125.0,14.2,159.75,8.7,83.98,243.7,173.5,311.4,21964.44,2.5,549.11,5.8,1242.09,1791.2,1260.5,2316.1,2034.9
2021,394,"Pumpkins, squash and gourds",Vegetables,12034.0,14.2,1708.83,8.7,898.29,2607.1,1856.2,3331.3,19183.32,2.5,479.58,5.8,1084.82,1564.4,1100.9,2022.9,4171.5
2021,397,Cucumbers and gherkins,Greenhouse Veg,26385.2,14.2,3746.7,8.7,1969.55,5716.2,4069.8,7304.0,23180.87,2.5,579.52,5.8,1310.88,1890.4,1330.4,2444.4,7606.7
2021,399,Eggplants (aubergines),Vegetables,881.7,14.2,125.2,8.7,65.82,191.0,136.0,244.1,3314.53,2.5,82.86,5.8,187.44,270.3,190.2,349.5,461.3
2021,401,Chillies and peppers,Vegetables,49220.2,14.2,6989.27,8.7,3674.09,10663.4,7592.0,13625.2,24982.22,2.5,624.56,5.8,1412.74,2037.3,1433.7,2634.4,12700.7
2021,403,Onions,Vegetables,5147.0,14.2,730.87,8.7,384.2,1115.1,793.9,1424.8,54787.25,2.5,1369.68,5.8,3098.22,4467.9,3144.2,5777.3,5583.0
2021,406,Green garlic,Vegetables,213.0,14.2,30.25,8.7,15.9,46.1,32.9,59.0,4387.49,2.5,109.69,5.8,248.11,357.8,251.8,462.7,404.0
2021,407,Leeks and other alliaceous vegetables,Other Storable,564.0,14.2,80.09,8.7,42.1,122.2,87.0,156.1,1600.25,2.5,40.01,5.8,90.49,130.5,91.8,168.7,252.7
2021,414,Green beans,Other Perishable,1869.7,14.2,265.5,8.7,139.57,405.1,288.4,517.6,5921.52,2.5,148.04,5.8,334.86,482.9,339.8,624.4,887.9
2021,417,"Peas, green",Vegetables,1695.0,14.2,240.69,8.7,126.52,367.2,261.4,469.2,3012.88,2.5,75.32,5.8,170.38,245.7,172.9,317.8,613.0
2021,426,Carrots and turnips,Vegetables,7684.0,14.2,1091.13,8.7,573.58,1664.7,1185.2,2127.1,32968.73,2.5,824.22,5.8,1864.38,2688.6,1892.0,3476.5,4353.3
2021,446,Sweet corn,Other Perishable,7088.0,14.2,1006.5,8.7,529.09,1535.6,1093.3,1962.1,8896.38,2.5,222.41,5.8,503.09,725.5,510.6,938.1,2261.1
2021,449,Mushrooms and truffles,Other Perishable,60782.8,14.2,8631.16,8.7,4537.19,13168.3,9375.5,16826.0,9424.89,2.5,235.62,5.8,532.98,768.6,540.9,993.8,13936.9
2021,486,Bananas,Fruits,0.0,14.2,0.0,8.7,0.0,0.0,0.0,0.0,68370.32,2.5,1709.26,5.8,3866.34,5575.6,3923.7,7209.6,5575.6
2021,490,Oranges,Fruits,0.0,14.2,0.0,8.7,0.0,0.0,0.0,0.0,34055.18,2.5,851.38,5.8,1925.82,2777.2,1954.4,3591.1,2777.2
2021,495,"Tangerines, mandarins, clementines",Fruits,0.0,14.2,0.0,8.7,0.0,0.0,0.0,0.0,21031.27,2.5,525.78,5.8,1189.32,1715.1,1207.0,2217.7,1715.1
2021,497,Lemons and limes,Fruits,0.0,14.2,0.0,8.7,0.0,0.0,0.0,0.0,14824.03,2.5,370.6,5.8,838.3,1208.9,850.7,1563.2,1208.9
2021,515,Apples,Fruits,84020.0,14.2,11930.84,8.7,6271.76,18202.6,12959.8,23258.6,79771.92,2.5,1994.3,5.8,4511.1,6505.4,4578.1,8411.9,24708.0
2021,521,Pears,Fruits,3962.0,14.2,562.6,8.7,295.75,858.4,611.1,1096.8,12671.98,2.5,316.8,5.8,716.6,1033.4,727.2,1336.3,1891.7
2021,526,Apricots,Tree Fruit,636.0,14.2,90.31,8.7,47.48,137.8,98.1,176.1,495.4,2.5,12.38,5.8,28.02,40.4,28.4,52.2,178.2
2021,531,Cherries,Fruits,15535.0,14.2,2205.97,8.7,1159.63,3365.6,2396.2,4300.4,4876.76,2.5,121.92,5.8,275.78,397.7,279.9,514.3,3763.3
2021,534,Peaches and nectarines,Fruits,5278.0,14.2,749.48,8.7,393.98,1143.5,814.1,1461.1,8572.65,2.5,214.32,5.8,484.78,699.1,492.0,904.0,1842.5
2021,536,Plums and sloes,Fruits,1158.0,14.2,164.44,8.7,86.44,250.9,178.6,320.6,5297.36,2.5,132.43,5.8,299.57,432.0,304.0,558.6,682.9
2021,544,Strawberries,Fruits,1292.0,14.2,183.46,8.7,96.44,279.9,199.3,357.7,16306.56,2.5,407.66,5.8,922.14,1329.8,935.8,1719.5,1609.7
2021,547,Raspberries,Fruits,3561.0,14.2,505.66,8.7,265.81,771.5,549.3,985.8,6457.39,2.5,161.43,5.8,365.17,526.6,370.6,681.0,1298.1
2021,552,Blueberries and cranberries,Fruits,115344.0,14.2,16378.85,8.7,8609.97,24988.8,17791.4,31929.7,25678.72,2.5,641.97,5.8,1452.13,2094.1,1473.7,2707.9,27083.0
2021,560,Grapes,Fruits,26636.0,14.2,3782.31,8.7,1988.27,5770.6,4108.5,7373.4,26306.56,2.5,657.66,5.8,1487.64,2145.3,1509.7,2774.1,7915.9
2021,567,Watermelons,Fruits,485.0,14.2,68.87,8.7,36.2,105.1,74.8,134.3,36042.92,2.5,901.07,5.8,2038.23,2939.3,2068.5,3800.6,3044.3
2021,568,Cantaloupes and other melons,Fruits,2095.0,14.2,297.49,8.7,156.38,453.9,323.1,579.9,17163.7,2.5,429.09,5.8,970.61,1399.7,985.0,1809.9,1853.6
2021,572,Avocados,Vegetables,0.0,14.2,0.0,8.7,0.0,0.0,0.0,0.0,14286.94,2.5,357.17,5.8,807.93,1165.1,819.9,1506.6,1165.1
2021,574,Pineapples,Fruits,0.0,14.2,0.0,8.7,0.0,0.0,0.0,0.0,20877.99,2.5,521.95,5.8,1180.65,1702.6,1198.2,2201.6,1702.6
2021,592,Kiwi fruit,Fruits,0.0,14.2,0.0,8.7,0.0,0.0,0.0,0.0,3238.5,2.5,80.96,5.8,183.14,264.1,185.9,341.5,264.1
2021,600,Papayas,Fruits,0.0,14.2,0.0,8.7,0.0,0.0,0.0,0.0,2781.12,2.5,69.53,5.8,157.27,226.8,159.6,293.3,226.8
2022,116,Potatoes,Vegetables,72574.7,14.2,10305.61,8.7,5417.41,15723.0,11194.4,20090.3,316252.61,2.5,7906.32,5.8,17884.08,25790.4,18149.6,33348.7,41513.4
2022,122,Sweet potatoes,Vegetables,26.0,14.2,3.69,8.7,1.94,5.6,4.0,7.2,4484.37,2.5,112.11,5.8,253.59,365.7,257.4,472.9,371.3
2022,358,Cabbages,Vegetables,7977.0,14.2,1132.73,8.7,595.45,1728.2,1230.4,2208.2,29128.14,2.5,728.2,5.8,1647.2,2375.4,1671.7,3071.6,4103.6
2022,367,Asparagus,Vegetables,0.0,14.2,0.0,8.7,0.0,0.0,0.0,0.0,3782.96,2.5,94.57,5.8,213.93,308.5,217.1,398.9,308.5
2022,372,Lettuce and chicory,Vegetables,6027.6,14.2,855.92,8.7,449.94,1305.9,929.7,1668.6,39851.62,2.5,996.29,5.8,2253.61,3249.9,2287.1,4202.3,4555.8
2022,373,Spinach,Vegetables,0.0,14.2,0.0,8.7,0.0,0.0,0.0,0.0,4600.86,2.5,115.02,5.8,260.18,375.2,264.1,485.2,375.2
2022,388,Tomatoes,Vegetables,34521.2,14.2,4902.01,8.7,2576.87,7478.9,5324.8,9556.2,139148.99,2.5,3478.72,5.8,7868.88,11347.6,7985.7,14673.2,18826.5
2022,393,Cauliflowers and broccoli,Vegetables,1489.0,14.2,211.44,8.7,111.15,322.6,229.7,412.2,25599.02,2.5,639.98,5.8,1447.62,2087.6,1469.1,2699.4,2410.2
2022,394,"Pumpkins, squash and gourds",Vegetables,10608.0,14.2,1506.34,8.7,791.84,2298.2,1636.2,2936.5,19477.62,2.5,486.94,5.8,1101.46,1588.4,1117.8,2053.9,3886.6
2022,397,Cucumbers and gherkins,Greenhouse Veg,26309.3,14.2,3735.92,8.7,1963.88,5699.8,4058.1,7283.0,23428.57,2.5,585.71,5.8,1324.89,1910.6,1344.6,2470.6,7610.4
2022,399,Eggplants (aubergines),Vegetables,884.2,14.2,125.56,8.7,66.0,191.5,136.4,244.8,3119.56,2.5,77.99,5.8,176.41,254.4,179.0,328.9,445.9
2022,401,Chillies and peppers,Vegetables,50116.6,14.2,7116.56,8.7,3741.0,10857.6,7730.3,13873.4,28072.35,2.5,701.81,5.8,1587.49,2289.3,1611.0,2960.2,13146.8
2022,403,Onions,Vegetables,6422.0,14.2,911.92,8.7,479.38,1391.3,990.6,1777.7,55644.39,2.5,1391.11,5.8,3146.69,4537.8,3193.4,5867.6,5929.1
2022,406,Green garlic,Vegetables,204.0,14.2,28.97,8.7,15.23,44.2,31.5,56.5,4608.22,2.5,115.21,5.8,260.59,375.8,264.5,485.9,420.0
2022,407,Leeks and other alliaceous vegetables,Other Storable,502.0,14.2,71.28,8.7,37.47,108.8,77.4,139.0,1305.95,2.5,32.65,5.8,73.85,106.5,75.0,137.7,215.3
2022,414,Green beans,Other Perishable,1946.0,14.2,276.33,8.7,145.26,421.6,300.2,538.7,5854.08,2.5,146.35,5.8,331.05,477.4,335.9,617.3,899.0
2022,417,"Peas, green",Vegetables,2019.0,14.2,286.7,8.7,150.71,437.4,311.4,558.9,4279.58,2.5,106.99,5.8,242.01,349.0,245.6,451.3,786.4
2022,426,Carrots and turnips,Vegetables,6851.0,14.2,972.84,8.7,511.4,1484.2,1056.7,1896.5,32831.39,2.5,820.78,5.8,1856.62,2677.4,1884.2,3462.1,4161.6
2022,446,Sweet corn,Other Perishable,6022.0,14.2,855.12,8.7,449.52,1304.6,928.9,1667.0,9065.6,2.5,226.64,5.8,512.66,739.3,520.3,956.0,2044.0
2022,449,Mushrooms and truffles,Other Perishable,62391.9,14.2,8859.65,8.7,4657.31,13517.0,9623.7,17271.4,8418.15,2.5,210.45,5.8,476.05,686.5,483.1,887.7,14203.5
2022,486,Bananas,Fruits,0.0,14.2,0.0,8.7,0.0,0.0,0.0,0.0,69408.95,2.5,1735.22,5.8,3925.08,5660.3,3983.3,7319.1,5660.3
2022,490,Oranges,Fruits,0.0,14.2,0.0,8.7,0.0,0.0,0.0,0.0,27858.98,2.5,696.47,5.8,1575.43,2271.9,1598.8,2937.7,2271.9
2022,495,"Tangerines, mandarins, clementines",Fruits,0.0,14.2,0.0,8.7,0.0,0.0,0.0,0.0,19887.19,2.5,497.18,5.8,1124.62,1621.8,1141.3,2097.1,1621.8
2022,497,Lemons and limes,Fruits,0.0,14.2,0.0,8.7,0.0,0.0,0.0,0.0,15677.5,2.5,391.94,5.8,886.56,1278.5,899.7,1653.2,1278.5
2022,515,Apples,Fruits,76466.0,14.2,10858.17,8.7,5707.88,16566.1,11794.6,21167.5,87030.04,2.5,2175.75,5.8,4921.55,7097.3,4994.6,9177.3,23663.4
2022,521,Pears,Fruits,4728.0,14.2,671.38,8.7,352.93,1024.3,729.3,1308.8,10881.67,2.5,272.04,5.8,615.36,887.4,624.5,1147.5,1911.7
2022,526,Apricots,Tree Fruit,583.0,14.2,82.79,8.7,43.52,126.3,89.9,161.4,389.94,2.5,9.75,5.8,22.05,31.8,22.4,41.1,158.1
2022,531,Cherries,Fruits,19951.0,14.2,2833.04,8.7,1489.26,4322.3,3077.4,5522.9,3470.26,2.5,86.76,5.8,196.24,283.0,199.2,366.0,4605.3
2022,534,Peaches and nectarines,Fruits,5028.0,14.2,713.98,8.7,375.32,1089.3,775.6,1391.9,7974.25,2.5,199.36,5.8,450.94,650.3,457.6,840.9,1739.6
2022,536,Plums and sloes,Fruits,1259.0,14.2,178.78,8.7,93.98,272.8,194.2,348.5,5218.88,2.5,130.47,5.8,295.13,425.6,299.5,550.3,698.3
2022,544,Strawberries,Fruits,1387.0,14.2,196.95,8.7,103.53,300.5,213.9,384.0,16884.12,2.5,422.1,5.8,954.8,1376.9,969.0,1780.4,1677.4
2022,547,Raspberries,Fruits,4972.0,14.2,706.02,8.7,371.14,1077.2,766.9,1376.4,7253.22,2.5,181.33,5.8,410.17,591.5,416.2,764.8,1668.6
2022,552,Blueberries and cranberries,Fruits,113543.0,14.2,16123.11,8.7,8475.53,24598.6,17513.6,31431.2,31936.24,2.5,798.41,5.8,1805.99,2604.4,1832.8,3367.6,27203.0
2022,560,Grapes,Fruits,24096.0,14.2,3421.63,8.7,1798.67,5220.3,3716.7,6670.3,24884.12,2.5,622.1,5.8,1407.2,2029.3,1428.1,2624.1,7249.6
2022,567,Watermelons,Fruits,420.0,14.2,59.64,8.7,31.35,91.0,64.8,116.3,31195.59,2.5,779.89,5.8,1764.11,2544.0,1790.3,3289.5,2634.9
2022,568,Cantaloupes and other melons,Fruits,1728.0,14.2,245.38,8.7,128.99,374.4,266.5,478.3,16982.22,2.5,424.56,5.8,960.34,1384.9,974.6,1790.7,1759.2
2022,572,Avocados,Vegetables,0.0,14.2,0.0,8.7,0.0,0.0,0.0,0.0,13023.91,2.5,325.6,5.8,736.5,1062.1,747.4,1373.4,1062.1
2022,574,Pineapples,Fruits,0.0,14.2,0.0,8.7,0.0,0.0,0.0,0.0,21916.62,2.5,547.92,5.8,1239.38,1787.3,1257.8,2311.0,1787.3
2022,592,Kiwi fruit,Fruits,0.0,14.2,0.0,8.7,0.0,0.0,0.0,0.0,3450.64,2.5,86.27,5.8,195.13,281.4,198.0,363.9,281.4
2022,600,Papayas,Fruits,0.0,14.2,0.0,8.7,0.0,0.0,0.0,0.0,2515.02,2.5,62.88,5.8,142.22,205.1,144.3,265.2,205.1
2023,116,Potatoes,Vegetables,97068.7,14.2,13783.76,8.7,7245.79,21029.5,14972.5,26870.7,436199.88,2.5,10905.0,5.8,24667.1,35572.1,25033.3,45997.0,56601.6
2023,122,Sweet potatoes,Vegetables,22.0,14.2,3.12,8.7,1.64,4.8,3.4,6.1,4112.81,2.5,102.82,5.8,232.58,335.4,236.0,433.7,340.2
2023,358,Cabbages,Vegetables,8144.0,14.2,1156.45,8.7,607.92,1764.4,1256.2,2254.4,25481.3,2.5,637.03,5.8,1440.97,2078.0,1462.3,2686.9,3842.3
2023,367,Asparagus,Vegetables,179.0,14.2,25.42,8.7,13.36,38.8,27.6,49.6,3290.01,2.5,82.25,5.8,186.05,268.3,188.8,347.0,307.1
2023,372,Lettuce and chicory,Vegetables,6136.0,14.2,871.31,8.7,458.03,1329.3,946.5,1698.6,42313.92,2.5,1057.85,5.8,2392.85,3450.7,2428.4,4462.0,4780.1
2023,373,Spinach,Vegetables,896.0,14.2,127.23,8.7,66.88,194.1,138.2,248.0,4232.99,2.5,105.82,5.8,239.38,345.2,243.0,446.4,539.3
2023,388,Tomatoes,Vegetables,33131.5,14.2,4704.67,8.7,2473.13,7177.8,5110.4,9171.5,127310.85,2.5,3182.77,5.8,7199.43,10382.2,7306.3,13424.9,17560.0
2023,393,Cauliflowers and broccoli,Vegetables,1418.0,14.2,201.36,8.7,105.85,307.2,218.7,392.5,26484.37,2.5,662.11,5.8,1497.69,2159.8,1519.9,2792.7,2467.0
2023,394,"Pumpkins, squash and gourds",Vegetables,11246.0,14.2,1596.93,8.7,839.47,2436.4,1734.7,3113.1,19427.35,2.5,485.68,5.8,1098.62,1584.3,1114.9,2048.6,4020.7
2023,397,Cucumbers and gherkins,Greenhouse Veg,33367.2,14.2,4738.14,8.7,2490.73,7228.9,5146.8,9236.8,29602.7,2.5,740.07,5.8,1674.03,2414.1,1698.9,3121.6,9643.0
2023,399,Eggplants (aubergines),Vegetables,1005.0,14.2,142.71,8.7,75.02,217.7,155.0,278.2,3330.47,2.5,83.26,5.8,188.34,271.6,191.1,351.2,489.3
2023,401,Chillies and peppers,Vegetables,49100.3,14.2,6972.24,8.7,3665.14,10637.4,7573.5,13592.0,26370.32,2.5,659.26,5.8,1491.24,2150.5,1513.4,2780.7,12787.8
2023,403,Onions,Vegetables,6597.0,14.2,936.77,8.7,492.44,1429.2,1017.6,1826.2,57763.34,2.5,1444.08,5.8,3266.52,4710.6,3315.0,6091.1,6139.8
2023,406,Green garlic,Vegetables,205.0,14.2,29.11,8.7,15.3,44.4,31.6,56.7,4191.29,2.5,104.78,5.8,237.02,341.8,240.6,442.0,386.2
2023,407,Leeks and other alliaceous vegetables,Other Storable,509.0,14.2,72.28,8.7,37.99,110.3,78.5,140.9,1063.15,2.5,26.58,5.8,60.12,86.7,61.0,112.1,197.0
2023,414,Green beans,Other Perishable,2062.0,14.2,292.8,8.7,153.92,446.7,318.1,570.8,5624.77,2.5,140.62,5.8,318.08,458.7,322.8,593.1,905.4
2023,417,"Peas, green",Vegetables,2127.0,14.2,302.03,8.7,158.77,460.8,328.1,588.8,4555.49,2.5,113.89,5.8,257.61,371.5,261.4,480.4,832.3
2023,426,Carrots and turnips,Vegetables,8799.0,14.2,1249.46,8.7,656.81,1906.3,1357.2,2435.8,31236.05,2.5,780.9,5.8,1766.4,2547.3,1792.6,3293.9,4453.6
2023,446,Sweet corn,Other Perishable,6177.0,14.2,877.13,8.7,461.09,1338.2,952.8,1709.9,8748.01,2.5,218.7,5.8,494.7,713.4,502.0,922.4,2051.6
2023,449,Mushrooms and truffles,Other Perishable,64001.1,14.2,9088.16,8.7,4777.43,13865.6,9872.0,17716.9,10513.8,2.5,262.84,5.8,594.56,857.4,603.4,1108.6,14722.9
2023,486,Bananas,Fruits,0.0,14.2,0.0,8.7,0.0,0.0,0.0,0.0,71507.05,2.5,1787.68,5.8,4043.72,5831.4,4103.7,7540.3,5831.4
2023,490,Oranges,Fruits,0.0,14.2,0.0,8.7,0.0,0.0,0.0,0.0,32566.52,2.5,814.16,5.8,1841.64,2655.8,1869.0,3434.1,2655.8
2023,495,"Tangerines, mandarins, clementines",Fruits,0.0,14.2,0.0,8.7,0.0,0.0,0.0,0.0,22110.36,2.5,552.76,5.8,1250.34,1803.1,1268.9,2331.5,1803.1
2023,497,Lemons and limes,Fruits,0.0,14.2,0.0,8.7,0.0,0.0,0.0,0.0,16602.08,2.5,415.05,5.8,938.85,1353.9,952.8,1750.6,1353.9
2023,515,Apples,Fruits,68359.0,14.2,9706.98,8.7,5102.73,14809.7,10544.1,18923.3,75813.61,2.5,1895.34,5.8,4287.26,6182.6,4350.9,7994.6,20992.3
2023,521,Pears,Fruits,4935.0,14.2,700.77,8.7,368.38,1069.1,761.2,1366.1,8838.75,2.5,220.97,5.8,499.83,720.8,507.2,932.0,1789.9
2023,526,Apricots,Tree Fruit,536.0,14.2,76.11,8.7,40.01,116.1,82.7,148.4,400.98,2.5,10.02,5.8,22.68,32.7,23.0,42.3,148.8
2023,531,Cherries,Fruits,21464.0,14.2,3047.89,8.7,1602.2,4650.1,3310.7,5941.7,5898.22,2.5,147.46,5.8,333.54,481.0,338.5,622.0,5131.1
2023,534,Peaches and nectarines,Fruits,4831.0,14.2,686.0,8.7,360.61,1046.6,745.2,1337.3,7102.39,2.5,177.56,5.8,401.64,579.2,407.6,749.0,1625.8
2023,536,Plums and sloes,Fruits,1170.0,14.2,166.14,8.7,87.34,253.5,180.5,323.9,5290.01,2.5,132.25,5.8,299.15,431.4,303.6,557.8,684.9
2023,544,Strawberries,Fruits,1390.0,14.2,197.38,8.7,103.76,301.1,214.4,384.8,16231.76,2.5,405.79,5.8,917.91,1323.7,931.5,1711.6,1624.8
2023,547,Raspberries,Fruits,5037.0,14.2,715.25,8.7,375.99,1091.2,776.9,1394.4,6701.41,2.5,167.54,5.8,378.96,546.5,384.6,706.6,1637.7
2023,552,Blueberries and cranberries,Fruits,107928.0,14.2,15325.78,8.7,8056.39,23382.2,16647.5,29876.8,30335.99,2.5,758.4,5.8,1715.5,2473.9,1741.0,3198.9,25856.1
2023,560,Grapes,Fruits,18128.0,14.2,2574.18,8.7,1353.18,3927.4,2796.2,5018.2,24729.61,2.5,618.24,5.8,1398.46,2016.7,1419.2,2607.7,5944.1
2023,567,Watermelons,Fruits,463.0,14.2,65.75,8.7,34.56,100.3,71.4,128.2,35372.16,2.5,884.3,5.8,2000.3,2884.6,2030.0,3730.0,2984.9
2023,568,Cantaloupes and other melons,Fruits,1833.0,14.2,260.29,8.7,136.83,397.1,282.7,507.4,18418.15,2.5,460.45,5.8,1041.55,1502.0,1057.0,1942.2,1899.1
2023,572,Avocados,Vegetables,0.0,14.2,0.0,8.7,0.0,0.0,0.0,0.0,14826.49,2.5,370.66,5.8,838.44,1209.1,850.9,1563.5,1209.1
2023,574,Pineapples,Fruits,0.0,14.2,0.0,8.7,0.0,0.0,0.0,0.0,21475.17,2.5,536.88,5.8,1214.42,1751.3,1232.4,2264.5,1751.3
2023,592,Kiwi fruit,Fruits,0.0,14.2,0.0,8.7,0.0,0.0,0.0,0.0,3030.04,2.5,75.75,5.8,171.35,247.1,173.9,319.5,247.1
2023,600,Papayas,Fruits,0.0,14.2,0.0,8.7,0.0,0.0,0.0,0.0,2507.66,2.5,62.69,5.8,141.81,204.5,143.9,264.5,204.5
2024,116,Potatoes,Vegetables,85184.6,14.2,12096.21,8.7,6358.69,18454.9,13139.4,23580.9,305616.19,2.5,7640.4,5.8,17282.6,24923.0,17539.2,32227.1,43377.9
2024,122,Sweet potatoes,Vegetables,26.0,14.2,3.69,8.7,1.94,5.6,4.0,7.2,4229.31,2.5,105.73,5.8,239.17,344.9,242.7,445.9,350.5
2024,358,Cabbages,Vegetables,7512.0,14.2,1066.7,8.7,560.74,1627.4,1158.7,2079.5,26198.65,2.5,654.97,5.8,1481.53,2136.5,1503.5,2762.6,3764.0
2024,367,Asparagus,Vegetables,176.0,14.2,24.99,8.7,13.14,38.1,27.1,48.7,3207.85,2.5,80.2,5.8,181.4,261.6,184.1,338.2,299.7
2024,372,Lettuce and chicory,Vegetables,5911.6,14.2,839.45,8.7,441.28,1280.7,911.8,1636.5,43505.82,2.5,1087.65,5.8,2460.25,3547.9,2496.8,4587.7,4828.7
2024,373,Spinach,Vegetables,674.0,14.2,95.71,8.7,50.31,146.0,104.0,186.6,4353.16,2.5,108.83,5.8,246.17,355.0,249.8,459.0,501.0
2024,388,Tomatoes,Vegetables,42779.5,14.2,6074.69,8.7,3193.32,9268.0,6598.6,11842.3,130898.84,2.5,3272.47,5.8,7402.33,10674.8,7512.2,13803.2,19942.8
2024,393,Cauliflowers and broccoli,Vegetables,1721.0,14.2,244.38,8.7,128.47,372.8,265.5,476.4,27229.92,2.5,680.75,5.8,1539.85,2220.6,1562.7,2871.4,2593.5
2024,394,"Pumpkins, squash and gourds",Vegetables,10330.0,14.2,1466.86,8.7,771.09,2238.0,1593.4,2859.6,18229.31,2.5,455.73,5.8,1030.87,1486.6,1046.2,1922.2,3724.5
2024,397,Cucumbers and gherkins,Greenhouse Veg,36996.9,14.2,5253.56,8.7,2761.67,8015.2,5706.6,10241.5,31776.82,2.5,794.42,5.8,1796.98,2591.4,1823.7,3350.9,10606.6
2024,399,Eggplants (aubergines),Vegetables,836.2,14.2,118.74,8.7,62.42,181.2,129.0,231.5,3424.89,2.5,85.62,5.8,193.68,279.3,196.5,361.1,460.4
2024,401,Chillies and peppers,Vegetables,49730.2,14.2,7061.69,8.7,3712.16,10773.8,7670.7,13766.4,25684.86,2.5,642.12,5.8,1452.48,2094.6,1474.1,2708.5,12868.5
2024,403,Onions,Vegetables,4546.0,14.2,645.53,8.7,339.34,984.9,701.2,1258.4,59390.56,2.5,1484.76,5.8,3358.54,4843.3,3408.4,6262.7,5828.2
2024,406,Green garlic,Vegetables,220.0,14.2,31.24,8.7,16.42,47.7,33.9,60.9,5507.05,2.5,137.68,5.8,311.42,449.1,316.0,580.7,496.7
2024,407,Leeks and other alliaceous vegetables,Other Storable,483.0,14.2,68.59,8.7,36.05,104.6,74.5,133.7,1093.81,2.5,27.35,5.8,61.85,89.2,62.7,115.3,193.8
2024,414,Green beans,Other Perishable,1978.0,14.2,280.88,8.7,147.65,428.5,305.1,547.6,5424.89,2.5,135.62,5.8,306.78,442.4,311.4,572.1,871.0
2024,417,"Peas, green",Vegetables,2097.0,14.2,297.77,8.7,156.53,454.3,323.5,580.5,3909.26,2.5,97.73,5.8,221.07,318.8,224.3,412.2,773.1
2024,426,Carrots and turnips,Vegetables,8239.0,14.2,1169.94,8.7,615.01,1784.9,1270.8,2280.7,32291.85,2.5,807.3,5.8,1826.1,2633.4,1853.2,3405.1,4418.3
2024,446,Sweet corn,Other Perishable,6724.0,14.2,954.81,8.7,501.92,1456.7,1037.2,1861.3,8994.48,2.5,224.86,5.8,508.64,733.5,516.2,948.4,2190.2
2024,449,Mushrooms and truffles,Other Perishable,65610.3,14.2,9316.66,8.7,4897.55,14214.2,10120.2,18162.4,10271.0,2.5,256.78,5.8,580.82,837.6,589.4,1083.0,15051.8
2024,486,Bananas,Fruits,0.0,14.2,0.0,8.7,0.0,0.0,0.0,0.0,73521.77,2.5,1838.04,5.8,4157.66,5995.7,4219.4,7752.8,5995.7
2024,490,Oranges,Fruits,0.0,14.2,0.0,8.7,0.0,0.0,0.0,0.0,37112.2,2.5,927.8,5.8,2098.7,3026.5,2129.8,3913.4,3026.5
2024,495,"Tangerines, mandarins, clementines",Fruits,0.0,14.2,0.0,8.7,0.0,0.0,0.0,0.0,22733.29,2.5,568.33,5.8,1285.57,1853.9,1304.6,2397.2,1853.9
2024,497,Lemons and limes,Fruits,0.0,14.2,0.0,8.7,0.0,0.0,0.0,0.0,17069.28,2.5,426.73,5.8,965.27,1392.0,979.6,1800.0,1392.0
2024,515,Apples,Fruits,63538.0,14.2,9022.4,8.7,4742.86,13765.3,9800.5,17588.7,77949.72,2.5,1948.74,5.8,4408.06,6356.8,4473.5,8219.8,20122.1
2024,521,Pears,Fruits,3869.0,14.2,549.4,8.7,288.81,838.2,596.8,1071.0,6415.7,2.5,160.39,5.8,362.81,523.2,368.2,676.5,1361.4
2024,526,Apricots,Tree Fruit,96.0,14.2,13.63,8.7,7.17,20.8,14.8,26.6,412.02,2.5,10.3,5.8,23.3,33.6,23.7,43.5,54.4
2024,531,Cherries,Fruits,6216.0,14.2,882.67,8.7,464.0,1346.7,958.8,1720.7,6064.99,2.5,151.62,5.8,342.98,494.6,348.1,639.5,1841.3
2024,534,Peaches and nectarines,Fruits,766.0,14.2,108.77,8.7,57.18,166.0,118.2,212.0,7302.27,2.5,182.56,5.8,412.94,595.5,419.1,770.1,761.5
2024,536,Plums and sloes,Fruits,768.0,14.2,109.06,8.7,57.33,166.4,118.5,212.6,5438.38,2.5,135.96,5.8,307.54,443.5,312.1,573.5,609.9
2024,544,Strawberries,Fruits,1424.0,14.2,202.21,8.7,106.3,308.5,219.6,394.2,16689.15,2.5,417.23,5.8,943.77,1361.0,957.8,1759.8,1669.5
2024,547,Raspberries,Fruits,4708.0,14.2,668.54,8.7,351.43,1020.0,726.2,1303.3,6890.25,2.5,172.26,5.8,389.64,561.9,395.4,726.6,1581.9
2024,552,Blueberries and cranberries,Fruits,127666.0,14.2,18128.57,8.7,9529.76,27658.3,19692.0,35340.7,31190.68,2.5,779.77,5.8,1763.83,2543.6,1790.0,3289.1,30201.9
2024,560,Grapes,Fruits,3047.0,14.2,432.67,8.7,227.45,660.1,470.0,843.5,25426.12,2.5,635.65,5.8,1437.85,2073.5,1459.2,2681.2,2733.7
2024,567,Watermelons,Fruits,414.0,14.2,58.79,8.7,30.9,89.7,63.9,114.6,36369.1,2.5,909.23,5.8,2056.67,2965.9,2087.2,3835.1,3055.6
2024,568,Cantaloupes and other melons,Fruits,1147.0,14.2,162.87,8.7,85.62,248.5,176.9,317.5,18936.85,2.5,473.42,5.8,1070.88,1544.3,1086.8,1996.9,1792.8
2024,572,Avocados,Vegetables,0.0,14.2,0.0,8.7,0.0,0.0,0.0,0.0,15244.64,2.5,381.12,5.8,862.08,1243.2,874.9,1607.6,1243.2
2024,574,Pineapples,Fruits,0.0,14.2,0.0,8.7,0.0,0.0,0.0,0.0,22079.71,2.5,551.99,5.8,1248.61,1800.6,1267.2,2328.3,1800.6
2024,592,Kiwi fruit,Fruits,0.0,14.2,0.0,8.7,0.0,0.0,0.0,0.0,3114.65,2.5,77.87,5.8,176.13,254.0,178.8,328.5,254.0
2024,600,Papayas,Fruits,0.0,14.2,0.0,8.7,0.0,0.0,0.0,0.0,2201.1,2.5,55.03,5.8,124.47,179.5,126.3,232.2,179.5
2025,116,Potatoes,Vegetables,99382.0,14.2,14112.24,8.7,7418.47,21530.7,15329.3,27511.1,451930.1,2.5,11298.25,5.8,25556.65,36854.9,25936.0,47655.8,58385.6
2025,122,Sweet potatoes,Vegetables,0.0,14.2,0.0,8.7,0.0,0.0,0.0,0.0,4261.19,2.5,106.53,5.8,240.97,347.5,244.6,449.4,347.5
2025,358,Cabbages,Vegetables,7741.0,14.2,1099.22,8.7,577.83,1677.1,1194.0,2142.9,26399.75,2.5,659.99,5.8,1492.91,2152.9,1515.1,2783.8,3829.9
2025,367,Asparagus,Vegetables,117.0,14.2,16.61,8.7,8.73,25.3,18.0,32.4,3011.65,2.5,75.29,5.8,170.31,245.6,172.8,317.6,270.9
2025,372,Lettuce and chicory,Vegetables,1068.6,14.2,151.74,8.7,79.77,231.5,164.8,295.8,43840.59,2.5,1096.01,5.8,2479.19,3575.2,2516.0,4622.9,3806.7
2025,373,Spinach,Vegetables,561.0,14.2,79.66,8.7,41.88,121.5,86.5,155.3,4386.27,2.5,109.66,5.8,248.04,357.7,251.7,462.5,479.2
2025,388,Tomatoes,Vegetables,47726.1,14.2,6777.11,8.7,3562.56,10339.7,7361.6,13211.6,131901.9,2.5,3297.55,5.8,7459.05,10756.6,7569.8,13909.0,21096.3
2025,393,Cauliflowers and broccoli,Vegetables,2677.0,14.2,380.13,8.7,199.83,580.0,412.9,741.1,27439.61,2.5,685.99,5.8,1551.71,2237.7,1574.7,2893.4,2817.6
2025,394,"Pumpkins, squash and gourds",Vegetables,10894.0,14.2,1546.95,8.7,813.19,2360.1,1680.4,3015.7,18073.57,2.5,451.84,5.8,1022.06,1473.9,1037.2,1905.8,3834.0
2025,397,Cucumbers and gherkins,Greenhouse Veg,34844.9,14.2,4947.98,8.7,2601.03,7549.0,5374.7,9645.8,6128.76,2.5,153.22,5.8,346.58,499.8,351.7,646.3,8048.8
2025,399,Eggplants (aubergines),Vegetables,857.4,14.2,121.75,8.7,64.0,185.8,132.3,237.4,3450.64,2.5,86.27,5.8,195.13,281.4,198.0,363.9,467.2
2025,401,Chillies and peppers,Vegetables,54552.3,14.2,7746.43,8.7,4072.11,11818.5,8414.5,15101.2,25928.88,2.5,648.22,5.8,1466.28,2114.5,1488.1,2734.2,13933.1
2025,403,Onions,Vegetables,3341.0,14.2,474.42,8.7,249.39,723.8,515.3,924.9,59846.72,2.5,1496.17,5.8,3384.33,4880.5,3434.5,6310.7,5604.3
2025,406,Green garlic,Vegetables,264.0,14.2,37.49,8.7,19.71,57.2,40.7,73.1,6206.01,2.5,155.15,5.8,350.95,506.1,356.1,654.4,563.3
2025,407,Leeks and other alliaceous vegetables,Other Storable,503.0,14.2,71.43,8.7,37.55,109.0,77.6,139.2,1101.16,2.5,27.53,5.8,62.27,89.8,63.2,116.2,198.8
2025,414,Green beans,Other Perishable,1888.0,14.2,268.1,8.7,140.93,409.0,291.2,522.6,5751.07,2.5,143.78,5.8,325.22,469.0,330.1,606.5,878.1
2025,417,"Peas, green",Vegetables,2118.0,14.2,300.76,8.7,158.1,458.9,326.7,586.3,5194.36,2.5,129.86,5.8,293.74,423.6,298.1,547.8,882.5
2025,426,Carrots and turnips,Vegetables,9024.0,14.2,1281.41,8.7,673.61,1955.0,1391.9,2498.0,46376.46,2.5,1159.41,5.8,2622.59,3782.0,2661.5,4890.3,5737.0
2025,446,Sweet corn,Other Perishable,7272.0,14.2,1032.62,8.7,542.83,1575.4,1121.7,2013.0,9063.15,2.5,226.58,5.8,512.52,739.1,520.1,955.7,2314.6
2025,449,Mushrooms and truffles,Other Perishable,0.0,14.2,0.0,8.7,0.0,0.0,0.0,0.0,0.0,2.5,0.0,5.8,0.0,0.0,0.0,0.0,0.0
2025,486,Bananas,Fruits,0.0,14.2,0.0,8.7,0.0,0.0,0.0,0.0,74085.84,2.5,1852.15,5.8,4189.55,6041.7,4251.7,7812.3,6041.7
2025,490,Oranges,Fruits,0.0,14.2,0.0,8.7,0.0,0.0,0.0,0.0,36530.96,2.5,913.27,5.8,2065.83,2979.1,2096.5,3852.2,2979.1
2025,495,"Tangerines, mandarins, clementines",Fruits,0.0,14.2,0.0,8.7,0.0,0.0,0.0,0.0,22907.42,2.5,572.69,5.8,1295.41,1868.1,1314.6,2415.6,1868.1
2025,497,Lemons and limes,Fruits,0.0,14.2,0.0,8.7,0.0,0.0,0.0,0.0,17200.49,2.5,430.01,5.8,972.69,1402.7,987.1,1813.8,1402.7
2025,515,Apples,Fruits,54809.0,14.2,7782.88,8.7,4091.27,11874.2,8454.1,15172.3,78548.13,2.5,1963.7,5.8,4441.9,6405.6,4507.8,8282.9,18279.8
2025,521,Pears,Fruits,4709.0,14.2,668.68,8.7,351.51,1020.2,726.3,1303.6,6464.75,2.5,161.62,5.8,365.58,527.2,371.0,681.7,1547.4
2025,526,Apricots,Tree Fruit,532.0,14.2,75.54,8.7,39.71,115.3,82.1,147.3,415.7,2.5,10.39,5.8,23.51,33.9,23.9,43.8,149.2
2025,531,Cherries,Fruits,26054.0,14.2,3699.67,8.7,1944.83,5644.5,4018.7,7212.3,6111.59,2.5,152.79,5.8,345.61,498.4,350.7,644.4,6142.9
2025,534,Peaches and nectarines,Fruits,4218.0,14.2,598.96,8.7,314.86,913.8,650.6,1167.6,7358.68,2.5,183.97,5.8,416.13,600.1,422.3,776.0,1513.9
2025,536,Plums and sloes,Fruits,826.0,14.2,117.29,8.7,61.66,178.9,127.4,228.7,5480.07,2.5,137.0,5.8,309.9,446.9,314.5,577.9,625.9
2025,544,Strawberries,Fruits,1625.0,14.2,230.75,8.7,121.3,352.0,250.7,449.8,16816.68,2.5,420.42,5.8,950.98,1371.4,965.1,1773.3,1723.5
2025,547,Raspberries,Fruits,5175.0,14.2,734.85,8.7,386.29,1121.1,798.2,1432.6,6942.98,2.5,173.57,5.8,392.63,566.2,398.4,732.1,1687.3
2025,552,Blueberries and cranberries,Fruits,122948.0,14.2,17458.62,8.7,9177.58,26636.2,18964.3,34034.7,31429.8,2.5,785.75,5.8,1777.35,2563.1,1803.8,3314.3,29199.3
2025,560,Grapes,Fruits,17891.0,14.2,2540.52,8.7,1335.49,3876.0,2759.6,4952.6,25621.09,2.5,640.53,5.8,1448.87,2089.4,1470.4,2701.8,5965.5
2025,567,Watermelons,Fruits,630.0,14.2,89.46,8.7,47.03,136.5,97.2,174.4,36647.46,2.5,916.19,5.8,2072.41,2988.6,2103.2,3864.5,3125.1
2025,568,Cantaloupes and other melons,Fruits,686.0,14.2,97.41,8.7,51.21,148.6,105.8,189.9,19082.77,2.5,477.07,5.8,1079.13,1556.2,1095.1,2012.2,1704.8
2025,572,Avocados,Vegetables,0.0,14.2,0.0,8.7,0.0,0.0,0.0,0.0,15361.13,2.5,384.03,5.8,868.67,1252.7,881.6,1619.9,1252.7
2025,574,Pineapples,Fruits,0.0,14.2,0.0,8.7,0.0,0.0,0.0,0.0,22248.93,2.5,556.22,5.8,1258.18,1814.4,1276.9,2346.2,1814.4
2025,592,Kiwi fruit,Fruits,0.0,14.2,0.0,8.7,0.0,0.0,0.0,0.0,3139.18,2.5,78.48,5.8,177.52,256.0,180.1,331.0,256.0
2025,600,Papayas,Fruits,0.0,14.2,0.0,8.7,0.0,0.0,0.0,0.0,2598.41,2.5,64.96,5.8,146.94,211.9,149.1,274.0,211.9
